profile_id,profile_visibility,phone_public,email_public,birthday_public,location_public,workplace_public,education_public,relationship_public,posts_public,location_tagging,travel_posts,unknown_connections,tag_review_enabled,third_party_apps_reviewed,mfa_enabled,login_alerts_enabled,password_reuse_reported,suspicious_link_awareness,old_posts_reviewed,privacy_settings_reviewed,risk_score,risk_level
DEMO-0001,PRIVATE,YES,YES,NO,YES,YES,YES,YES,YES,NO,YES,OFTEN,YES,YES,YES,YES,YES,NO,YES,NO,32,MODERATE
DEMO-0002,PRIVATE,NO,YES,YES,NO,NO,NO,YES,YES,NO,YES,OFTEN,NO,YES,NO,NO,NO,YES,NO,YES,5,LOW
DEMO-0003,FRIENDS,YES,NO,NO,YES,YES,YES,YES,NO,YES,YES,OFTEN,NO,NO,NO,NO,YES,NO,NO,YES,29,MODERATE
DEMO-0004,PRIVATE,NO,YES,YES,YES,YES,NO,NO,NO,YES,NO,OFTEN,YES,YES,NO,NO,NO,YES,YES,NO,10,LOW
DEMO-0005,PUBLIC,NO,NO,NO,YES,NO,YES,YES,NO,NO,NO,SOMETIMES,YES,YES,NO,YES,YES,YES,YES,YES,4,LOW
DEMO-0006,PRIVATE,NO,YES,NO,NO,NO,NO,YES,YES,NO,NO,OFTEN,NO,NO,YES,NO,YES,NO,YES,YES,0,LOW
DEMO-0007,PRIVATE,NO,YES,YES,NO,YES,YES,NO,NO,YES,YES,SOMETIMES,NO,YES,YES,YES,YES,YES,NO,YES,10,LOW
DEMO-0008,PRIVATE,YES,YES,NO,YES,NO,NO,YES,YES,NO,NO,NO,NO,NO,NO,YES,YES,YES,YES,NO,11,LOW
DEMO-0009,PUBLIC,YES,YES,YES,YES,YES,YES,YES,YES,NO,YES,NO,YES,NO,NO,YES,YES,NO,YES,NO,38,MODERATE
DEMO-0010,FRIENDS,YES,YES,YES,NO,NO,NO,NO,NO,YES,YES,OFTEN,NO,NO,YES,YES,YES,YES,NO,YES,18,LOW
DEMO-0011,FRIENDS,YES,NO,NO,YES,YES,NO,YES,YES,YES,YES,OFTEN,YES,NO,NO,NO,YES,NO,YES,YES,32,MODERATE
DEMO-0012,FRIENDS,YES,NO,NO,NO,NO,NO,NO,YES,YES,NO,OFTEN,YES,YES,NO,YES,YES,NO,YES,YES,8,LOW
DEMO-0013,PRIVATE,YES,YES,YES,YES,YES,NO,YES,YES,YES,YES,SOMETIMES,NO,NO,YES,NO,YES,NO,NO,YES,34,MODERATE
DEMO-0014,PRIVATE,NO,NO,NO,YES,YES,NO,YES,YES,YES,NO,OFTEN,NO,YES,YES,NO,NO,YES,NO,NO,10,LOW
DEMO-0015,PRIVATE,YES,NO,YES,YES,NO,YES,YES,YES,NO,NO,NO,YES,NO,YES,NO,NO,NO,YES,YES,8,LOW
DEMO-0016,PRIVATE,NO,NO,YES,YES,NO,YES,NO,YES,NO,NO,NO,YES,YES,YES,YES,YES,NO,YES,NO,4,LOW
DEMO-0017,PUBLIC,YES,NO,NO,YES,NO,YES,YES,YES,NO,NO,NO,YES,YES,YES,YES,NO,YES,YES,NO,11,LOW
DEMO-0018,FRIENDS,YES,NO,YES,YES,NO,YES,NO,YES,YES,NO,SOMETIMES,NO,YES,YES,YES,YES,NO,NO,NO,19,LOW
DEMO-0019,PUBLIC,NO,NO,NO,NO,YES,YES,NO,YES,NO,YES,OFTEN,NO,NO,NO,NO,YES,NO,YES,NO,15,LOW
DEMO-0020,PUBLIC,NO,YES,YES,NO,NO,YES,NO,NO,YES,NO,NO,NO,NO,NO,NO,NO,YES,YES,NO,0,LOW
DEMO-0021,PRIVATE,NO,YES,NO,NO,YES,NO,NO,YES,NO,NO,SOMETIMES,NO,NO,YES,NO,YES,YES,NO,NO,0,LOW
DEMO-0022,PUBLIC,YES,NO,YES,YES,YES,YES,YES,YES,NO,YES,SOMETIMES,NO,YES,NO,NO,NO,YES,YES,YES,27,MODERATE
DEMO-0023,PUBLIC,NO,YES,YES,NO,YES,YES,YES,NO,YES,NO,NO,NO,NO,NO,NO,YES,NO,NO,NO,14,LOW
DEMO-0024,PUBLIC,NO,NO,YES,NO,NO,YES,NO,YES,NO,NO,SOMETIMES,YES,YES,YES,YES,NO,YES,YES,YES,0,LOW
DEMO-0025,FRIENDS,NO,NO,NO,NO,YES,YES,NO,NO,YES,NO,SOMETIMES,YES,NO,NO,NO,NO,YES,NO,YES,0,LOW
DEMO-0026,FRIENDS,NO,NO,YES,NO,NO,NO,YES,NO,YES,YES,SOMETIMES,YES,YES,NO,YES,NO,YES,YES,NO,0,LOW
DEMO-0027,FRIENDS,NO,YES,NO,NO,NO,NO,NO,NO,NO,YES,SOMETIMES,YES,YES,NO,YES,YES,YES,YES,YES,0,LOW
DEMO-0028,PUBLIC,YES,YES,YES,YES,NO,YES,YES,NO,NO,NO,OFTEN,YES,YES,NO,YES,YES,NO,NO,NO,28,MODERATE
DEMO-0029,PRIVATE,YES,YES,YES,YES,NO,YES,YES,NO,NO,NO,OFTEN,NO,YES,NO,NO,YES,NO,NO,NO,20,LOW
DEMO-0030,PRIVATE,YES,NO,YES,NO,NO,NO,NO,NO,NO,YES,OFTEN,NO,NO,YES,NO,NO,NO,YES,NO,0,LOW
DEMO-0031,FRIENDS,YES,NO,YES,NO,NO,NO,NO,NO,YES,YES,OFTEN,YES,NO,NO,YES,NO,NO,NO,YES,7,LOW
DEMO-0032,PUBLIC,NO,YES,NO,YES,NO,NO,NO,NO,NO,NO,SOMETIMES,NO,NO,NO,NO,YES,YES,YES,NO,2,LOW
DEMO-0033,PUBLIC,YES,YES,YES,NO,NO,NO,YES,YES,NO,YES,SOMETIMES,YES,NO,YES,YES,NO,YES,YES,NO,14,LOW
DEMO-0034,PRIVATE,YES,NO,YES,YES,NO,NO,NO,NO,NO,YES,OFTEN,NO,NO,YES,YES,NO,NO,YES,YES,10,LOW
DEMO-0035,PUBLIC,YES,NO,YES,YES,YES,NO,YES,NO,NO,NO,SOMETIMES,NO,NO,YES,YES,YES,YES,NO,YES,18,LOW
DEMO-0036,PUBLIC,YES,YES,YES,YES,YES,NO,NO,NO,NO,YES,OFTEN,NO,NO,NO,YES,YES,NO,YES,NO,33,MODERATE
DEMO-0037,PUBLIC,YES,YES,NO,YES,YES,YES,YES,NO,NO,NO,OFTEN,NO,NO,NO,NO,NO,NO,YES,YES,20,LOW
DEMO-0038,FRIENDS,NO,NO,YES,YES,YES,YES,NO,YES,YES,NO,NO,NO,NO,YES,NO,NO,YES,NO,NO,8,LOW
DEMO-0039,FRIENDS,NO,NO,YES,YES,NO,NO,NO,NO,NO,YES,SOMETIMES,YES,NO,NO,NO,YES,NO,YES,NO,2,LOW
DEMO-0040,FRIENDS,YES,YES,NO,NO,NO,YES,YES,NO,YES,NO,SOMETIMES,NO,YES,YES,YES,YES,NO,YES,NO,5,LOW
DEMO-0041,PUBLIC,YES,YES,NO,YES,YES,NO,NO,NO,NO,NO,SOMETIMES,YES,NO,YES,NO,YES,YES,YES,NO,14,LOW
DEMO-0042,FRIENDS,NO,NO,YES,NO,NO,NO,YES,NO,NO,NO,SOMETIMES,NO,NO,NO,YES,YES,NO,YES,NO,0,LOW
DEMO-0043,PUBLIC,NO,NO,NO,NO,YES,NO,YES,YES,NO,YES,SOMETIMES,YES,NO,YES,YES,NO,YES,YES,NO,1,LOW
DEMO-0044,FRIENDS,NO,NO,YES,NO,NO,NO,NO,YES,YES,YES,NO,NO,YES,YES,NO,YES,YES,NO,YES,5,LOW
DEMO-0045,PRIVATE,NO,YES,YES,NO,YES,NO,NO,NO,NO,YES,OFTEN,NO,YES,YES,YES,YES,NO,YES,NO,7,LOW
DEMO-0046,PRIVATE,YES,YES,NO,NO,NO,NO,YES,NO,NO,YES,OFTEN,NO,NO,NO,NO,NO,NO,NO,YES,2,LOW
DEMO-0047,FRIENDS,NO,YES,YES,NO,NO,NO,NO,YES,NO,NO,OFTEN,YES,NO,NO,YES,NO,YES,YES,NO,0,LOW
DEMO-0048,PRIVATE,YES,YES,YES,NO,NO,YES,NO,YES,YES,NO,SOMETIMES,NO,YES,YES,YES,NO,NO,YES,NO,6,LOW
DEMO-0049,FRIENDS,NO,NO,YES,NO,YES,YES,YES,NO,NO,YES,SOMETIMES,YES,NO,YES,NO,NO,NO,NO,NO,0,LOW
DEMO-0050,PUBLIC,YES,NO,YES,NO,YES,YES,NO,NO,NO,YES,OFTEN,YES,YES,NO,NO,YES,YES,YES,YES,22,MODERATE
DEMO-0051,FRIENDS,NO,NO,NO,YES,NO,YES,NO,NO,NO,YES,NO,NO,YES,NO,NO,YES,NO,YES,NO,0,LOW
DEMO-0052,PRIVATE,NO,YES,NO,NO,YES,YES,NO,YES,YES,YES,OFTEN,NO,YES,YES,YES,YES,YES,YES,YES,18,LOW
DEMO-0053,FRIENDS,YES,YES,NO,YES,YES,NO,YES,YES,YES,YES,OFTEN,NO,YES,NO,YES,YES,NO,YES,YES,36,MODERATE
DEMO-0054,PRIVATE,NO,YES,YES,NO,NO,NO,YES,NO,YES,YES,NO,NO,NO,YES,YES,NO,NO,NO,YES,0,LOW
DEMO-0055,FRIENDS,NO,YES,YES,NO,YES,YES,YES,NO,NO,NO,NO,NO,NO,NO,YES,YES,YES,NO,NO,0,LOW
DEMO-0056,PUBLIC,NO,NO,NO,NO,NO,YES,NO,NO,NO,NO,SOMETIMES,YES,NO,YES,YES,YES,YES,NO,YES,0,LOW
DEMO-0057,PRIVATE,NO,YES,YES,NO,YES,NO,NO,NO,YES,NO,NO,NO,NO,YES,YES,YES,NO,YES,YES,0,LOW
DEMO-0058,FRIENDS,NO,YES,NO,YES,NO,YES,NO,YES,YES,NO,NO,NO,NO,NO,YES,YES,YES,NO,YES,10,LOW
DEMO-0059,PUBLIC,YES,YES,YES,NO,NO,NO,NO,YES,NO,NO,NO,NO,YES,YES,YES,YES,YES,YES,NO,11,LOW
DEMO-0060,FRIENDS,NO,NO,NO,NO,NO,YES,YES,NO,NO,YES,SOMETIMES,NO,NO,YES,YES,NO,YES,YES,YES,0,LOW
DEMO-0061,FRIENDS,YES,YES,NO,NO,NO,YES,YES,NO,NO,YES,OFTEN,NO,YES,NO,YES,NO,YES,NO,YES,5,LOW
DEMO-0062,FRIENDS,YES,NO,NO,NO,NO,NO,YES,NO,YES,NO,OFTEN,NO,NO,YES,NO,YES,YES,NO,NO,5,LOW
DEMO-0063,PRIVATE,YES,NO,NO,NO,YES,NO,YES,YES,YES,YES,SOMETIMES,NO,YES,YES,YES,YES,NO,YES,YES,15,LOW
DEMO-0064,PRIVATE,YES,YES,YES,NO,NO,NO,NO,NO,YES,NO,OFTEN,NO,NO,NO,NO,YES,NO,YES,NO,11,LOW
DEMO-0065,FRIENDS,NO,YES,YES,NO,NO,YES,YES,NO,NO,YES,SOMETIMES,YES,NO,NO,YES,YES,NO,YES,NO,2,LOW
DEMO-0066,PRIVATE,YES,YES,YES,YES,NO,NO,YES,NO,NO,NO,SOMETIMES,NO,NO,YES,NO,YES,NO,YES,NO,10,LOW
DEMO-0067,FRIENDS,NO,YES,NO,YES,YES,NO,NO,NO,YES,YES,SOMETIMES,NO,NO,YES,YES,NO,NO,YES,NO,5,LOW
DEMO-0068,FRIENDS,YES,YES,NO,NO,YES,YES,YES,YES,YES,NO,OFTEN,YES,NO,YES,NO,YES,YES,YES,YES,22,MODERATE
DEMO-0069,PRIVATE,NO,YES,NO,NO,YES,NO,NO,NO,YES,YES,SOMETIMES,NO,YES,NO,NO,NO,NO,NO,NO,0,LOW
DEMO-0070,PUBLIC,YES,YES,NO,YES,NO,NO,YES,YES,NO,YES,OFTEN,NO,NO,YES,NO,YES,YES,NO,NO,33,MODERATE
DEMO-0071,PUBLIC,NO,YES,NO,NO,YES,NO,YES,NO,YES,YES,SOMETIMES,YES,NO,YES,YES,YES,NO,NO,YES,13,LOW
DEMO-0072,PRIVATE,NO,NO,YES,YES,YES,NO,YES,YES,NO,YES,SOMETIMES,YES,NO,YES,YES,YES,NO,NO,YES,15,LOW
DEMO-0073,PUBLIC,NO,YES,YES,YES,NO,NO,YES,NO,YES,NO,OFTEN,YES,NO,YES,YES,NO,NO,YES,NO,17,LOW
DEMO-0074,FRIENDS,NO,YES,NO,YES,NO,YES,YES,NO,YES,YES,SOMETIMES,NO,YES,NO,NO,YES,YES,YES,NO,14,LOW
DEMO-0075,PUBLIC,NO,YES,YES,YES,YES,NO,NO,NO,NO,NO,OFTEN,YES,NO,NO,YES,NO,NO,YES,NO,11,LOW
DEMO-0076,FRIENDS,NO,NO,NO,NO,YES,NO,NO,NO,NO,YES,NO,NO,YES,NO,YES,NO,NO,YES,YES,0,LOW
DEMO-0077,FRIENDS,NO,NO,NO,NO,YES,NO,NO,NO,YES,NO,NO,NO,NO,YES,YES,NO,NO,YES,YES,0,LOW
DEMO-0078,PUBLIC,NO,YES,YES,YES,YES,NO,NO,NO,YES,YES,NO,NO,NO,NO,NO,YES,YES,NO,NO,25,MODERATE
DEMO-0079,FRIENDS,NO,YES,YES,YES,YES,NO,NO,YES,NO,NO,NO,NO,YES,NO,NO,YES,YES,YES,YES,9,LOW
DEMO-0080,FRIENDS,YES,NO,YES,NO,NO,YES,NO,NO,YES,YES,SOMETIMES,YES,YES,YES,YES,YES,NO,YES,NO,10,LOW
DEMO-0081,PRIVATE,NO,NO,YES,YES,YES,NO,NO,NO,NO,NO,NO,YES,YES,NO,YES,NO,NO,NO,YES,0,LOW
DEMO-0082,PRIVATE,YES,YES,NO,YES,YES,YES,NO,YES,YES,NO,NO,YES,NO,NO,YES,NO,YES,NO,YES,15,LOW
DEMO-0083,PRIVATE,NO,YES,YES,YES,YES,NO,YES,YES,YES,YES,NO,NO,YES,NO,YES,NO,NO,NO,NO,19,LOW
DEMO-0084,PUBLIC,NO,NO,NO,YES,YES,YES,NO,NO,NO,NO,OFTEN,NO,YES,NO,NO,NO,NO,YES,NO,5,LOW
DEMO-0085,PRIVATE,YES,NO,YES,NO,YES,NO,NO,YES,YES,YES,OFTEN,NO,NO,NO,YES,YES,NO,NO,YES,24,MODERATE
DEMO-0086,PUBLIC,NO,NO,NO,NO,NO,YES,YES,NO,NO,YES,OFTEN,NO,YES,YES,NO,NO,NO,NO,YES,1,LOW
DEMO-0087,PUBLIC,NO,YES,NO,NO,NO,NO,YES,NO,YES,YES,SOMETIMES,NO,YES,NO,NO,NO,YES,YES,YES,2,LOW
DEMO-0088,FRIENDS,NO,NO,NO,YES,YES,NO,YES,YES,YES,YES,NO,NO,NO,NO,YES,YES,NO,NO,YES,17,LOW
DEMO-0089,FRIENDS,NO,NO,NO,NO,NO,YES,NO,NO,YES,NO,NO,NO,YES,NO,NO,YES,YES,NO,YES,0,LOW
DEMO-0090,PRIVATE,NO,YES,YES,YES,YES,YES,YES,NO,NO,NO,OFTEN,NO,YES,NO,NO,YES,YES,YES,NO,16,LOW
DEMO-0091,PRIVATE,NO,NO,NO,YES,NO,NO,NO,NO,NO,YES,OFTEN,NO,NO,YES,NO,NO,YES,NO,NO,0,LOW
DEMO-0092,FRIENDS,NO,NO,NO,YES,NO,NO,NO,YES,NO,YES,SOMETIMES,YES,NO,NO,NO,NO,YES,YES,NO,0,LOW
DEMO-0093,PRIVATE,NO,YES,YES,YES,YES,YES,YES,YES,YES,YES,SOMETIMES,NO,NO,YES,YES,YES,YES,NO,NO,29,MODERATE
DEMO-0094,FRIENDS,YES,NO,NO,NO,YES,YES,YES,YES,YES,NO,OFTEN,YES,NO,NO,YES,NO,YES,YES,NO,11,LOW
DEMO-0095,PRIVATE,YES,NO,NO,NO,NO,YES,NO,NO,YES,YES,SOMETIMES,YES,NO,NO,YES,YES,NO,NO,YES,5,LOW
DEMO-0096,PUBLIC,NO,NO,NO,YES,NO,YES,YES,YES,NO,NO,OFTEN,YES,NO,NO,YES,NO,NO,NO,NO,10,LOW
DEMO-0097,PRIVATE,YES,NO,NO,YES,YES,YES,NO,NO,YES,NO,NO,NO,YES,NO,NO,YES,YES,YES,NO,12,LOW
DEMO-0098,PUBLIC,NO,NO,NO,NO,YES,YES,YES,NO,NO,YES,NO,YES,YES,YES,YES,YES,NO,NO,YES,5,LOW
DEMO-0099,PRIVATE,YES,NO,YES,NO,YES,NO,YES,NO,NO,YES,NO,NO,NO,YES,NO,NO,YES,YES,YES,0,LOW
DEMO-0100,PUBLIC,NO,NO,YES,YES,YES,NO,YES,NO,NO,YES,OFTEN,NO,NO,NO,NO,NO,NO,YES,YES,17,LOW
DEMO-0101,PRIVATE,NO,YES,YES,NO,YES,YES,YES,YES,NO,NO,NO,NO,NO,YES,YES,NO,NO,YES,NO,0,LOW
DEMO-0102,PUBLIC,YES,YES,NO,YES,YES,YES,YES,YES,YES,NO,NO,YES,YES,YES,NO,NO,YES,YES,YES,26,MODERATE
DEMO-0103,PUBLIC,NO,YES,NO,NO,YES,NO,YES,YES,NO,NO,SOMETIMES,YES,YES,NO,NO,YES,NO,NO,NO,5,LOW
DEMO-0104,PRIVATE,NO,NO,YES,NO,NO,YES,NO,YES,YES,NO,NO,YES,NO,YES,NO,NO,YES,NO,YES,0,LOW
DEMO-0105,FRIENDS,YES,NO,YES,NO,NO,YES,YES,YES,NO,NO,NO,YES,YES,YES,YES,NO,YES,NO,NO,0,LOW
DEMO-0106,PUBLIC,YES,YES,YES,NO,YES,YES,NO,YES,NO,NO,SOMETIMES,NO,NO,NO,NO,NO,NO,NO,YES,11,LOW
DEMO-0107,PRIVATE,NO,NO,YES,NO,NO,NO,YES,YES,YES,YES,SOMETIMES,NO,NO,YES,YES,NO,YES,NO,YES,1,LOW
DEMO-0108,FRIENDS,NO,NO,NO,NO,NO,YES,NO,YES,YES,NO,OFTEN,YES,YES,YES,YES,YES,NO,YES,YES,3,LOW
DEMO-0109,PUBLIC,YES,YES,YES,NO,NO,YES,NO,NO,YES,YES,NO,NO,YES,YES,NO,NO,YES,NO,YES,15,LOW
DEMO-0110,PUBLIC,YES,YES,YES,YES,NO,NO,NO,NO,YES,NO,SOMETIMES,NO,YES,YES,NO,YES,YES,YES,NO,22,MODERATE
DEMO-0111,FRIENDS,NO,NO,YES,YES,YES,YES,NO,NO,NO,YES,NO,YES,YES,YES,NO,NO,YES,YES,NO,2,LOW
DEMO-0112,PRIVATE,YES,YES,NO,YES,YES,YES,NO,YES,NO,YES,NO,YES,NO,NO,NO,YES,YES,NO,YES,22,MODERATE
DEMO-0113,PUBLIC,NO,YES,YES,NO,NO,NO,YES,NO,NO,NO,OFTEN,NO,NO,NO,YES,NO,YES,NO,YES,0,LOW
DEMO-0114,PRIVATE,YES,YES,NO,YES,NO,YES,NO,NO,NO,YES,OFTEN,YES,NO,NO,NO,NO,YES,YES,YES,12,LOW
DEMO-0115,PUBLIC,NO,NO,NO,YES,YES,YES,NO,YES,NO,NO,OFTEN,NO,NO,NO,YES,YES,YES,NO,YES,18,LOW
DEMO-0116,PUBLIC,NO,NO,NO,NO,YES,YES,YES,NO,NO,NO,SOMETIMES,NO,YES,NO,NO,YES,NO,YES,NO,0,LOW
DEMO-0117,PUBLIC,YES,NO,YES,NO,NO,NO,NO,NO,NO,NO,NO,YES,NO,NO,YES,NO,NO,YES,NO,0,LOW
DEMO-0118,FRIENDS,NO,NO,YES,NO,NO,NO,NO,NO,YES,YES,NO,YES,YES,NO,YES,NO,NO,YES,NO,0,LOW
DEMO-0119,PRIVATE,NO,YES,NO,YES,NO,YES,NO,NO,YES,NO,NO,NO,NO,NO,YES,NO,YES,YES,YES,0,LOW
DEMO-0120,PRIVATE,NO,YES,YES,NO,NO,NO,YES,YES,YES,NO,OFTEN,YES,NO,NO,NO,NO,YES,NO,YES,5,LOW
DEMO-0121,FRIENDS,YES,NO,NO,YES,YES,YES,NO,NO,NO,NO,OFTEN,NO,NO,NO,YES,NO,NO,NO,YES,5,LOW
DEMO-0122,FRIENDS,YES,YES,YES,NO,YES,YES,YES,YES,YES,NO,NO,NO,NO,YES,NO,YES,YES,NO,NO,20,LOW
DEMO-0123,PUBLIC,YES,NO,NO,NO,YES,YES,YES,NO,YES,YES,NO,YES,NO,NO,YES,NO,YES,NO,NO,13,LOW
DEMO-0124,PRIVATE,NO,NO,NO,YES,NO,NO,NO,YES,NO,YES,NO,YES,NO,YES,YES,NO,YES,YES,NO,0,LOW
DEMO-0125,PRIVATE,YES,NO,NO,YES,NO,NO,YES,NO,YES,YES,SOMETIMES,NO,YES,YES,NO,NO,YES,NO,YES,8,LOW
DEMO-0126,FRIENDS,YES,YES,NO,NO,NO,NO,NO,NO,NO,YES,OFTEN,YES,YES,NO,YES,NO,YES,NO,YES,0,LOW
DEMO-0127,FRIENDS,NO,YES,YES,NO,NO,YES,NO,YES,NO,YES,NO,YES,NO,YES,NO,NO,NO,YES,NO,0,LOW
DEMO-0128,PUBLIC,YES,YES,NO,NO,YES,YES,YES,YES,YES,NO,NO,NO,YES,NO,NO,NO,NO,YES,YES,16,LOW
DEMO-0129,FRIENDS,YES,NO,YES,YES,YES,YES,NO,YES,NO,NO,OFTEN,NO,NO,NO,NO,YES,YES,NO,NO,23,MODERATE
DEMO-0130,PRIVATE,NO,NO,NO,NO,YES,YES,NO,NO,YES,NO,OFTEN,NO,YES,NO,NO,NO,NO,NO,YES,0,LOW
DEMO-0131,PRIVATE,NO,NO,YES,YES,YES,NO,YES,YES,YES,NO,SOMETIMES,YES,NO,YES,YES,NO,YES,NO,YES,8,LOW
DEMO-0132,PRIVATE,NO,NO,YES,NO,YES,YES,NO,NO,YES,NO,NO,YES,YES,YES,YES,NO,YES,YES,YES,0,LOW
DEMO-0133,PRIVATE,NO,YES,YES,NO,YES,NO,YES,NO,YES,YES,SOMETIMES,YES,YES,YES,NO,NO,NO,YES,NO,3,LOW
DEMO-0134,PUBLIC,YES,YES,YES,YES,NO,NO,YES,YES,NO,NO,OFTEN,YES,YES,YES,YES,NO,NO,NO,NO,24,MODERATE
DEMO-0135,PUBLIC,YES,NO,YES,YES,NO,YES,NO,YES,YES,NO,SOMETIMES,YES,YES,NO,NO,YES,YES,NO,YES,27,MODERATE
DEMO-0136,PRIVATE,YES,NO,NO,YES,NO,NO,NO,YES,NO,YES,OFTEN,YES,YES,NO,YES,YES,YES,NO,NO,18,LOW
DEMO-0137,PRIVATE,NO,NO,NO,YES,YES,NO,YES,NO,YES,YES,OFTEN,NO,NO,YES,NO,NO,YES,YES,YES,11,LOW
DEMO-0138,PUBLIC,NO,YES,NO,YES,NO,YES,YES,YES,YES,YES,OFTEN,NO,NO,NO,YES,NO,YES,NO,YES,28,MODERATE
DEMO-0139,PUBLIC,NO,NO,NO,YES,NO,YES,NO,NO,NO,YES,SOMETIMES,YES,NO,YES,NO,YES,YES,YES,YES,8,LOW
DEMO-0140,PUBLIC,YES,YES,YES,NO,NO,NO,YES,YES,YES,NO,OFTEN,NO,YES,NO,NO,NO,YES,NO,YES,21,MODERATE
DEMO-0141,PRIVATE,YES,YES,YES,YES,NO,YES,NO,NO,NO,NO,OFTEN,NO,YES,NO,YES,NO,NO,YES,NO,10,LOW
DEMO-0142,FRIENDS,NO,YES,YES,YES,YES,NO,YES,YES,NO,YES,SOMETIMES,YES,NO,NO,YES,YES,YES,NO,NO,19,LOW
DEMO-0143,PUBLIC,YES,NO,YES,YES,YES,NO,NO,NO,YES,YES,NO,YES,NO,YES,YES,NO,YES,YES,NO,22,MODERATE
DEMO-0144,FRIENDS,NO,NO,NO,NO,NO,NO,YES,YES,YES,YES,NO,YES,YES,YES,YES,NO,NO,NO,NO,0,LOW
DEMO-0145,PUBLIC,NO,YES,NO,NO,NO,NO,YES,YES,YES,NO,NO,YES,YES,NO,YES,YES,YES,NO,NO,8,LOW
DEMO-0146,PRIVATE,YES,NO,NO,YES,YES,NO,NO,YES,YES,NO,OFTEN,YES,YES,YES,YES,YES,YES,YES,NO,22,MODERATE
DEMO-0147,FRIENDS,YES,NO,YES,YES,YES,YES,NO,YES,YES,NO,OFTEN,YES,NO,YES,YES,NO,NO,NO,YES,23,MODERATE
DEMO-0148,FRIENDS,NO,YES,NO,YES,YES,NO,NO,NO,YES,YES,NO,YES,NO,NO,NO,NO,YES,YES,NO,5,LOW
DEMO-0149,FRIENDS,YES,NO,YES,YES,YES,NO,NO,NO,NO,NO,NO,NO,NO,NO,YES,YES,NO,YES,YES,7,LOW
DEMO-0150,FRIENDS,YES,NO,NO,YES,YES,YES,YES,YES,NO,YES,OFTEN,NO,NO,YES,YES,YES,NO,NO,YES,28,MODERATE
DEMO-0151,PRIVATE,NO,YES,YES,NO,NO,YES,NO,YES,YES,YES,OFTEN,YES,YES,NO,YES,NO,YES,YES,NO,12,LOW
DEMO-0152,PRIVATE,YES,NO,YES,YES,YES,YES,YES,NO,YES,NO,NO,NO,YES,NO,NO,NO,YES,YES,NO,13,LOW
DEMO-0153,PRIVATE,NO,NO,YES,NO,YES,YES,NO,NO,NO,YES,OFTEN,YES,NO,YES,YES,NO,YES,YES,NO,0,LOW
DEMO-0154,PUBLIC,NO,YES,YES,NO,NO,YES,YES,NO,NO,YES,SOMETIMES,YES,YES,YES,NO,NO,YES,YES,YES,3,LOW
DEMO-0155,FRIENDS,NO,NO,YES,NO,NO,NO,NO,NO,YES,NO,NO,YES,YES,NO,YES,YES,NO,YES,NO,0,LOW
DEMO-0156,FRIENDS,YES,YES,NO,YES,NO,YES,YES,YES,NO,NO,NO,YES,NO,YES,NO,YES,YES,YES,NO,14,LOW
DEMO-0157,PUBLIC,YES,NO,NO,NO,NO,YES,YES,YES,NO,NO,OFTEN,YES,NO,YES,NO,YES,NO,NO,YES,15,LOW
DEMO-0158,PUBLIC,YES,YES,YES,NO,YES,NO,YES,NO,NO,NO,SOMETIMES,NO,YES,NO,YES,NO,NO,NO,YES,5,LOW
DEMO-0159,FRIENDS,YES,NO,NO,NO,NO,YES,NO,YES,YES,YES,OFTEN,NO,NO,YES,YES,NO,NO,NO,YES,11,LOW
DEMO-0160,FRIENDS,NO,YES,NO,YES,YES,YES,NO,YES,YES,YES,OFTEN,YES,YES,NO,YES,NO,YES,YES,NO,21,MODERATE
DEMO-0161,FRIENDS,YES,YES,NO,NO,NO,NO,NO,YES,NO,YES,SOMETIMES,YES,YES,YES,YES,YES,NO,NO,NO,5,LOW
DEMO-0162,FRIENDS,NO,NO,NO,YES,YES,NO,NO,YES,NO,YES,SOMETIMES,NO,YES,YES,NO,NO,NO,YES,NO,0,LOW
DEMO-0163,FRIENDS,NO,NO,NO,YES,YES,YES,NO,NO,NO,NO,NO,NO,YES,YES,NO,YES,NO,NO,NO,0,LOW
DEMO-0164,PUBLIC,YES,YES,NO,NO,YES,YES,YES,YES,YES,YES,OFTEN,YES,NO,YES,NO,YES,NO,NO,NO,37,MODERATE
DEMO-0165,PRIVATE,NO,YES,YES,YES,NO,NO,NO,YES,NO,NO,SOMETIMES,YES,NO,YES,NO,YES,NO,YES,YES,5,LOW
DEMO-0166,PRIVATE,YES,YES,YES,YES,NO,NO,YES,YES,NO,YES,NO,YES,YES,YES,NO,NO,NO,NO,NO,16,LOW
DEMO-0167,FRIENDS,NO,NO,YES,NO,NO,NO,YES,YES,NO,NO,SOMETIMES,YES,NO,YES,NO,NO,NO,NO,NO,0,LOW
DEMO-0168,PRIVATE,NO,YES,YES,YES,YES,NO,NO,YES,YES,NO,SOMETIMES,NO,NO,NO,NO,YES,YES,NO,YES,16,LOW
DEMO-0169,PRIVATE,NO,NO,NO,YES,YES,NO,YES,NO,YES,NO,NO,YES,NO,YES,YES,NO,YES,NO,NO,0,LOW
DEMO-0170,FRIENDS,NO,NO,NO,NO,YES,NO,YES,YES,NO,YES,NO,YES,NO,NO,NO,YES,YES,YES,YES,0,LOW
DEMO-0171,FRIENDS,NO,NO,YES,NO,YES,YES,NO,NO,YES,NO,NO,YES,YES,NO,NO,YES,YES,YES,NO,0,LOW
DEMO-0172,PUBLIC,YES,NO,NO,NO,NO,NO,NO,YES,YES,YES,NO,NO,YES,NO,YES,YES,YES,YES,YES,16,LOW
DEMO-0173,PRIVATE,NO,NO,YES,YES,NO,NO,YES,YES,YES,NO,SOMETIMES,NO,NO,NO,YES,NO,NO,NO,YES,4,LOW
DEMO-0174,PUBLIC,NO,YES,YES,YES,YES,YES,YES,YES,YES,NO,NO,YES,NO,NO,YES,YES,YES,YES,YES,30,MODERATE
DEMO-0175,PRIVATE,YES,NO,NO,NO,YES,NO,NO,YES,YES,YES,SOMETIMES,NO,YES,NO,YES,NO,YES,YES,NO,5,LOW
DEMO-0176,PUBLIC,YES,NO,YES,YES,NO,YES,NO,NO,NO,YES,OFTEN,NO,YES,NO,NO,YES,YES,YES,YES,28,MODERATE
DEMO-0177,PUBLIC,NO,YES,YES,YES,YES,NO,YES,NO,NO,NO,SOMETIMES,YES,YES,YES,YES,NO,NO,NO,NO,7,LOW
DEMO-0178,PRIVATE,YES,YES,YES,YES,YES,YES,NO,NO,NO,NO,NO,YES,NO,NO,YES,YES,NO,NO,NO,14,LOW
DEMO-0179,FRIENDS,NO,NO,NO,YES,YES,YES,YES,YES,YES,NO,NO,NO,NO,YES,NO,NO,YES,YES,NO,6,LOW
DEMO-0180,FRIENDS,YES,NO,NO,YES,YES,NO,NO,YES,YES,NO,NO,YES,NO,YES,NO,NO,NO,YES,YES,8,LOW
DEMO-0181,PUBLIC,YES,NO,NO,YES,YES,NO,NO,YES,NO,NO,OFTEN,YES,NO,NO,YES,YES,NO,NO,NO,23,MODERATE
DEMO-0182,PUBLIC,NO,NO,NO,YES,NO,YES,YES,NO,NO,YES,NO,YES,YES,NO,YES,NO,NO,NO,YES,4,LOW
DEMO-0183,PUBLIC,NO,NO,NO,NO,NO,YES,YES,YES,YES,NO,SOMETIMES,NO,NO,YES,YES,YES,NO,YES,NO,7,LOW
DEMO-0184,PUBLIC,NO,YES,YES,YES,NO,YES,NO,YES,NO,YES,SOMETIMES,YES,YES,NO,NO,YES,NO,YES,YES,23,MODERATE
DEMO-0185,PRIVATE,NO,NO,YES,YES,YES,YES,NO,NO,NO,NO,NO,YES,NO,NO,NO,NO,NO,YES,YES,0,LOW
DEMO-0186,FRIENDS,NO,NO,YES,YES,YES,NO,NO,YES,YES,NO,NO,YES,NO,NO,NO,NO,NO,YES,YES,5,LOW
DEMO-0187,PUBLIC,NO,YES,YES,YES,YES,NO,YES,NO,NO,YES,OFTEN,NO,YES,YES,NO,NO,YES,YES,NO,21,MODERATE
DEMO-0188,PUBLIC,NO,YES,NO,NO,NO,NO,YES,YES,NO,YES,NO,NO,YES,NO,YES,YES,NO,NO,YES,8,LOW
DEMO-0189,PRIVATE,YES,YES,YES,YES,NO,YES,NO,NO,NO,YES,OFTEN,NO,YES,NO,NO,YES,YES,YES,NO,24,MODERATE
DEMO-0190,PRIVATE,YES,NO,NO,NO,YES,NO,YES,YES,YES,YES,SOMETIMES,NO,YES,NO,YES,YES,NO,NO,NO,15,LOW
DEMO-0191,FRIENDS,YES,NO,YES,YES,NO,NO,YES,YES,YES,NO,SOMETIMES,YES,NO,NO,NO,YES,NO,NO,NO,19,LOW
DEMO-0192,PUBLIC,NO,YES,NO,YES,YES,YES,YES,YES,YES,YES,NO,NO,YES,YES,NO,YES,YES,YES,NO,32,MODERATE
DEMO-0193,PRIVATE,NO,YES,YES,YES,YES,YES,NO,YES,YES,NO,SOMETIMES,NO,NO,NO,NO,NO,YES,NO,YES,12,LOW
DEMO-0194,PRIVATE,YES,YES,YES,YES,NO,YES,NO,NO,YES,NO,SOMETIMES,NO,NO,YES,NO,YES,YES,YES,NO,17,LOW
DEMO-0195,PRIVATE,NO,YES,NO,NO,YES,YES,YES,YES,YES,NO,NO,YES,NO,YES,NO,YES,NO,YES,YES,7,LOW
DEMO-0196,PUBLIC,YES,NO,YES,YES,YES,YES,NO,YES,NO,YES,SOMETIMES,YES,YES,NO,NO,NO,YES,YES,YES,24,MODERATE
DEMO-0197,FRIENDS,YES,YES,NO,NO,NO,NO,NO,YES,NO,NO,SOMETIMES,YES,YES,NO,YES,YES,NO,NO,NO,0,LOW
DEMO-0198,PUBLIC,NO,NO,NO,NO,NO,NO,NO,YES,YES,YES,SOMETIMES,YES,YES,NO,YES,YES,YES,YES,NO,8,LOW
DEMO-0199,PRIVATE,YES,YES,NO,NO,YES,NO,NO,YES,NO,YES,SOMETIMES,YES,NO,NO,YES,YES,YES,YES,NO,9,LOW
DEMO-0200,PUBLIC,YES,YES,NO,NO,YES,YES,NO,YES,YES,NO,SOMETIMES,YES,YES,YES,NO,NO,NO,NO,YES,13,LOW
DEMO-0201,PUBLIC,NO,YES,NO,NO,YES,NO,NO,NO,YES,NO,SOMETIMES,YES,NO,NO,NO,NO,NO,YES,YES,0,LOW
DEMO-0202,FRIENDS,YES,YES,YES,NO,YES,YES,YES,YES,NO,YES,NO,YES,NO,NO,YES,NO,NO,NO,YES,13,LOW
DEMO-0203,PRIVATE,YES,NO,YES,YES,YES,YES,YES,YES,YES,YES,OFTEN,YES,NO,YES,NO,YES,NO,YES,YES,40,MODERATE
DEMO-0204,FRIENDS,NO,NO,YES,YES,NO,YES,YES,NO,YES,NO,SOMETIMES,YES,YES,NO,NO,YES,YES,YES,YES,8,LOW
DEMO-0205,PRIVATE,NO,YES,YES,YES,NO,YES,YES,YES,NO,YES,NO,YES,NO,NO,NO,YES,NO,YES,NO,18,LOW
DEMO-0206,FRIENDS,NO,YES,NO,YES,NO,NO,YES,YES,NO,NO,SOMETIMES,YES,YES,YES,YES,YES,NO,YES,NO,3,LOW
DEMO-0207,FRIENDS,NO,YES,YES,NO,NO,NO,NO,NO,NO,NO,OFTEN,NO,NO,YES,NO,NO,NO,NO,NO,0,LOW
DEMO-0208,PRIVATE,NO,YES,YES,YES,NO,YES,YES,YES,NO,NO,NO,YES,YES,NO,YES,YES,YES,NO,NO,11,LOW
DEMO-0209,PUBLIC,YES,NO,YES,NO,YES,YES,NO,NO,NO,YES,OFTEN,NO,NO,YES,YES,NO,YES,YES,YES,15,LOW
DEMO-0210,PRIVATE,YES,YES,NO,YES,YES,YES,YES,NO,NO,NO,NO,NO,NO,YES,YES,YES,YES,NO,NO,12,LOW
DEMO-0211,FRIENDS,NO,YES,YES,NO,NO,YES,NO,YES,NO,YES,NO,YES,NO,NO,YES,NO,NO,NO,NO,0,LOW
DEMO-0212,PRIVATE,NO,YES,NO,NO,NO,YES,NO,YES,NO,YES,SOMETIMES,YES,YES,NO,NO,NO,YES,NO,YES,0,LOW
DEMO-0213,FRIENDS,YES,NO,NO,YES,YES,NO,NO,NO,YES,NO,OFTEN,YES,NO,YES,YES,YES,NO,YES,YES,16,LOW
DEMO-0214,PUBLIC,YES,NO,YES,YES,YES,YES,NO,YES,YES,NO,SOMETIMES,NO,NO,NO,NO,YES,NO,NO,YES,31,MODERATE
DEMO-0215,PRIVATE,YES,YES,NO,NO,YES,NO,NO,YES,NO,YES,NO,NO,NO,YES,YES,YES,NO,YES,NO,9,LOW
DEMO-0216,FRIENDS,NO,YES,NO,YES,NO,NO,NO,NO,YES,NO,SOMETIMES,YES,NO,NO,NO,NO,NO,NO,YES,0,LOW
DEMO-0217,PRIVATE,YES,YES,YES,NO,YES,NO,NO,YES,YES,YES,SOMETIMES,YES,YES,NO,NO,YES,NO,NO,NO,21,MODERATE
DEMO-0218,FRIENDS,YES,NO,YES,YES,YES,YES,NO,NO,YES,NO,NO,NO,NO,NO,NO,NO,NO,YES,NO,10,LOW
DEMO-0219,PUBLIC,NO,YES,YES,NO,NO,NO,NO,NO,YES,NO,NO,NO,NO,YES,YES,NO,NO,NO,YES,0,LOW
DEMO-0220,PUBLIC,YES,NO,YES,NO,NO,NO,NO,NO,NO,NO,SOMETIMES,NO,NO,YES,YES,YES,YES,YES,NO,1,LOW
DEMO-0221,PRIVATE,YES,YES,YES,NO,YES,YES,YES,NO,YES,YES,SOMETIMES,YES,YES,NO,YES,YES,NO,NO,YES,21,MODERATE
DEMO-0222,PUBLIC,NO,NO,YES,YES,YES,YES,YES,NO,NO,NO,SOMETIMES,NO,NO,YES,YES,NO,NO,NO,NO,6,LOW
DEMO-0223,FRIENDS,YES,YES,NO,NO,NO,NO,NO,YES,NO,YES,OFTEN,YES,NO,NO,NO,YES,NO,NO,NO,12,LOW
DEMO-0224,PUBLIC,NO,NO,YES,YES,NO,YES,NO,NO,NO,YES,OFTEN,NO,NO,YES,NO,YES,NO,YES,NO,20,LOW
DEMO-0225,FRIENDS,NO,NO,YES,YES,YES,YES,NO,YES,NO,NO,SOMETIMES,NO,YES,NO,YES,YES,YES,YES,YES,8,LOW
DEMO-0226,PUBLIC,NO,NO,YES,NO,YES,YES,YES,YES,YES,NO,OFTEN,NO,NO,NO,NO,NO,NO,YES,NO,16,LOW
DEMO-0227,PUBLIC,YES,YES,NO,NO,YES,NO,YES,YES,NO,NO,OFTEN,YES,YES,NO,NO,YES,YES,YES,NO,20,LOW
DEMO-0228,PRIVATE,YES,YES,NO,NO,NO,NO,YES,YES,YES,NO,SOMETIMES,NO,YES,NO,YES,YES,YES,YES,NO,8,LOW
DEMO-0229,FRIENDS,YES,YES,NO,YES,NO,YES,YES,YES,NO,YES,SOMETIMES,YES,YES,YES,NO,YES,NO,YES,YES,21,MODERATE
DEMO-0230,FRIENDS,YES,YES,YES,NO,YES,NO,NO,NO,YES,YES,NO,NO,NO,YES,NO,YES,NO,NO,NO,15,LOW
DEMO-0231,PRIVATE,NO,YES,YES,NO,NO,NO,NO,YES,YES,YES,SOMETIMES,NO,NO,NO,NO,YES,NO,YES,YES,9,LOW
DEMO-0232,PRIVATE,NO,YES,NO,YES,NO,YES,NO,YES,NO,NO,SOMETIMES,NO,YES,YES,YES,YES,YES,YES,YES,3,LOW
DEMO-0233,PUBLIC,YES,NO,YES,YES,YES,NO,NO,NO,YES,NO,OFTEN,YES,YES,YES,NO,YES,NO,YES,NO,29,MODERATE
DEMO-0234,PRIVATE,NO,NO,YES,NO,YES,YES,NO,YES,YES,YES,OFTEN,YES,NO,YES,YES,YES,YES,NO,YES,19,LOW
DEMO-0235,PRIVATE,NO,NO,NO,YES,YES,YES,NO,NO,YES,NO,SOMETIMES,NO,NO,NO,NO,NO,NO,YES,YES,0,LOW
DEMO-0236,FRIENDS,NO,NO,NO,NO,NO,YES,YES,NO,YES,YES,SOMETIMES,YES,NO,YES,YES,NO,YES,NO,YES,0,LOW
DEMO-0237,PUBLIC,YES,NO,NO,YES,YES,NO,NO,YES,YES,NO,SOMETIMES,YES,NO,YES,YES,NO,NO,YES,NO,16,LOW
DEMO-0238,PRIVATE,YES,NO,YES,NO,YES,YES,NO,NO,NO,NO,OFTEN,YES,YES,NO,YES,NO,YES,NO,YES,0,LOW
DEMO-0239,FRIENDS,YES,YES,YES,NO,NO,YES,YES,NO,NO,NO,OFTEN,YES,NO,YES,NO,YES,NO,NO,YES,10,LOW
DEMO-0240,FRIENDS,NO,YES,YES,NO,YES,NO,NO,YES,YES,YES,OFTEN,NO,NO,NO,YES,YES,NO,NO,NO,20,LOW
DEMO-0241,FRIENDS,YES,NO,NO,YES,NO,YES,NO,NO,YES,NO,OFTEN,YES,YES,NO,YES,YES,YES,YES,YES,15,LOW
DEMO-0242,PRIVATE,YES,NO,YES,NO,YES,NO,NO,NO,YES,NO,OFTEN,YES,YES,NO,NO,YES,YES,NO,YES,11,LOW
DEMO-0243,FRIENDS,YES,YES,NO,YES,NO,YES,NO,YES,YES,NO,NO,NO,NO,YES,YES,NO,NO,YES,NO,11,LOW
DEMO-0244,PRIVATE,YES,NO,NO,YES,YES,YES,NO,YES,YES,YES,NO,NO,NO,NO,NO,YES,YES,NO,NO,25,MODERATE
DEMO-0245,FRIENDS,NO,YES,NO,YES,NO,NO,YES,NO,YES,YES,SOMETIMES,NO,YES,YES,NO,YES,NO,YES,YES,11,LOW
DEMO-0246,FRIENDS,NO,NO,NO,YES,YES,YES,YES,YES,NO,YES,SOMETIMES,YES,YES,NO,YES,YES,YES,NO,YES,13,LOW
DEMO-0247,PRIVATE,YES,NO,NO,NO,NO,NO,NO,YES,YES,YES,OFTEN,YES,YES,NO,YES,YES,YES,YES,NO,15,LOW
DEMO-0248,PUBLIC,NO,YES,NO,NO,YES,NO,NO,NO,YES,YES,OFTEN,YES,YES,NO,YES,NO,NO,YES,YES,10,LOW
DEMO-0249,PUBLIC,YES,YES,NO,NO,NO,NO,YES,NO,NO,YES,NO,NO,NO,NO,YES,YES,NO,NO,YES,10,LOW
DEMO-0250,PUBLIC,NO,YES,NO,YES,YES,NO,NO,NO,NO,NO,SOMETIMES,YES,NO,NO,YES,YES,NO,NO,YES,6,LOW
DEMO-0251,PRIVATE,YES,YES,YES,NO,NO,NO,NO,YES,YES,NO,NO,YES,NO,YES,NO,NO,YES,YES,YES,3,LOW
DEMO-0252,PUBLIC,NO,NO,YES,NO,YES,NO,NO,YES,YES,NO,NO,YES,YES,YES,YES,YES,NO,NO,NO,10,LOW
DEMO-0253,PRIVATE,NO,NO,YES,YES,YES,YES,YES,NO,YES,NO,SOMETIMES,NO,YES,NO,YES,YES,NO,NO,NO,12,LOW
DEMO-0254,FRIENDS,YES,YES,YES,NO,YES,YES,YES,YES,YES,NO,OFTEN,YES,YES,NO,NO,YES,YES,YES,NO,27,MODERATE
DEMO-0255,PUBLIC,YES,NO,YES,NO,NO,YES,YES,NO,NO,NO,SOMETIMES,YES,NO,YES,NO,NO,YES,YES,NO,0,LOW
DEMO-0256,FRIENDS,NO,YES,YES,YES,YES,YES,NO,NO,NO,NO,SOMETIMES,NO,YES,NO,NO,NO,YES,YES,NO,0,LOW
DEMO-0257,PUBLIC,YES,YES,YES,NO,YES,YES,NO,NO,YES,NO,SOMETIMES,YES,YES,YES,NO,NO,YES,NO,NO,12,LOW
DEMO-0258,PRIVATE,NO,YES,YES,NO,NO,NO,YES,YES,YES,NO,SOMETIMES,NO,NO,YES,YES,NO,YES,NO,NO,0,LOW
DEMO-0259,FRIENDS,NO,YES,NO,NO,YES,YES,NO,NO,YES,YES,SOMETIMES,YES,NO,NO,YES,NO,YES,YES,NO,0,LOW
DEMO-0260,PRIVATE,NO,YES,NO,NO,YES,NO,YES,NO,NO,NO,OFTEN,NO,YES,YES,NO,YES,YES,YES,NO,0,LOW
DEMO-0261,PRIVATE,YES,NO,YES,YES,NO,NO,NO,NO,YES,YES,NO,YES,YES,YES,NO,NO,YES,YES,NO,10,LOW
DEMO-0262,PUBLIC,YES,NO,NO,YES,YES,NO,YES,NO,YES,NO,OFTEN,YES,NO,NO,NO,NO,YES,NO,YES,20,LOW
DEMO-0263,PUBLIC,NO,YES,YES,YES,YES,NO,NO,NO,YES,NO,NO,YES,YES,YES,NO,NO,NO,YES,YES,11,LOW
DEMO-0264,PUBLIC,NO,YES,YES,NO,YES,YES,NO,NO,YES,NO,NO,NO,NO,NO,YES,YES,NO,YES,YES,11,LOW
DEMO-0265,PRIVATE,NO,YES,NO,NO,NO,NO,YES,YES,YES,NO,SOMETIMES,NO,YES,NO,NO,NO,NO,YES,YES,0,LOW
DEMO-0266,FRIENDS,YES,NO,NO,NO,YES,NO,NO,YES,YES,NO,NO,YES,NO,YES,NO,NO,NO,NO,YES,0,LOW
DEMO-0267,PRIVATE,YES,YES,NO,NO,YES,NO,YES,NO,NO,NO,NO,YES,YES,YES,NO,YES,NO,NO,YES,0,LOW
DEMO-0268,FRIENDS,YES,NO,NO,YES,YES,NO,NO,NO,YES,YES,OFTEN,YES,YES,YES,YES,NO,NO,NO,NO,16,LOW
DEMO-0269,PUBLIC,YES,NO,NO,NO,NO,NO,YES,YES,NO,YES,SOMETIMES,YES,NO,YES,YES,NO,YES,NO,YES,5,LOW
DEMO-0270,PUBLIC,NO,NO,NO,NO,NO,NO,NO,YES,YES,NO,OFTEN,YES,NO,NO,NO,YES,NO,YES,YES,8,LOW
DEMO-0271,PUBLIC,YES,YES,YES,NO,NO,YES,YES,YES,NO,NO,NO,NO,YES,NO,NO,NO,NO,NO,YES,10,LOW
DEMO-0272,PUBLIC,NO,YES,NO,YES,NO,NO,NO,YES,YES,NO,NO,NO,YES,NO,YES,YES,NO,NO,YES,15,LOW
DEMO-0273,PRIVATE,YES,YES,NO,YES,NO,YES,NO,YES,NO,NO,NO,NO,NO,NO,NO,NO,NO,YES,YES,4,LOW
DEMO-0274,PRIVATE,NO,NO,YES,NO,YES,YES,NO,YES,NO,NO,OFTEN,YES,YES,NO,NO,YES,NO,NO,NO,5,LOW
DEMO-0275,PUBLIC,YES,YES,YES,NO,NO,YES,NO,YES,NO,YES,NO,YES,NO,YES,YES,YES,NO,NO,NO,21,MODERATE
DEMO-0276,PUBLIC,NO,YES,YES,NO,YES,NO,YES,YES,YES,NO,SOMETIMES,NO,NO,NO,YES,NO,NO,NO,NO,10,LOW
DEMO-0277,PUBLIC,NO,YES,NO,NO,NO,NO,YES,YES,NO,NO,NO,NO,NO,NO,NO,YES,NO,NO,NO,1,LOW
DEMO-0278,PRIVATE,YES,YES,NO,YES,NO,YES,YES,YES,YES,NO,OFTEN,YES,NO,NO,YES,NO,NO,YES,YES,21,MODERATE
DEMO-0279,PUBLIC,YES,YES,YES,YES,YES,YES,YES,NO,YES,YES,NO,YES,NO,NO,NO,YES,NO,NO,NO,39,MODERATE
DEMO-0280,PRIVATE,NO,NO,YES,YES,NO,YES,NO,NO,NO,YES,SOMETIMES,NO,YES,NO,YES,NO,YES,NO,YES,0,LOW
DEMO-0281,PRIVATE,NO,YES,YES,NO,YES,YES,NO,NO,YES,YES,OFTEN,YES,NO,NO,YES,NO,YES,YES,YES,10,LOW
DEMO-0282,PRIVATE,NO,NO,YES,NO,NO,YES,NO,NO,NO,NO,NO,YES,YES,YES,NO,NO,YES,NO,NO,0,LOW
DEMO-0283,PRIVATE,NO,NO,YES,YES,NO,NO,YES,NO,NO,YES,OFTEN,YES,NO,YES,NO,NO,YES,NO,NO,5,LOW
DEMO-0284,PUBLIC,NO,YES,YES,YES,YES,YES,YES,NO,NO,YES,NO,NO,NO,NO,YES,YES,NO,YES,NO,24,MODERATE
DEMO-0285,PRIVATE,YES,NO,YES,YES,NO,YES,YES,YES,YES,YES,SOMETIMES,YES,NO,YES,YES,YES,YES,YES,YES,29,MODERATE
DEMO-0286,FRIENDS,YES,NO,YES,YES,YES,YES,NO,YES,YES,YES,SOMETIMES,NO,NO,NO,YES,YES,NO,YES,YES,30,MODERATE
DEMO-0287,PRIVATE,YES,NO,YES,YES,NO,YES,NO,YES,NO,YES,SOMETIMES,YES,YES,YES,YES,NO,YES,YES,NO,12,LOW
DEMO-0288,PUBLIC,YES,YES,YES,YES,NO,NO,NO,YES,YES,YES,NO,NO,NO,NO,YES,YES,YES,YES,NO,35,MODERATE
DEMO-0289,PRIVATE,YES,NO,NO,NO,YES,YES,YES,YES,YES,NO,NO,YES,NO,YES,NO,YES,YES,YES,YES,11,LOW
DEMO-0290,PRIVATE,NO,NO,YES,YES,YES,YES,NO,NO,YES,NO,SOMETIMES,NO,NO,YES,YES,YES,YES,YES,YES,9,LOW
DEMO-0291,FRIENDS,YES,YES,YES,NO,NO,NO,YES,NO,YES,YES,SOMETIMES,YES,YES,YES,NO,YES,NO,YES,YES,14,LOW
DEMO-0292,FRIENDS,NO,YES,NO,YES,YES,NO,YES,NO,NO,YES,SOMETIMES,YES,NO,NO,YES,NO,YES,YES,YES,1,LOW
DEMO-0293,FRIENDS,YES,YES,NO,NO,NO,YES,NO,YES,NO,YES,NO,YES,YES,YES,NO,NO,YES,NO,NO,1,LOW
DEMO-0294,FRIENDS,YES,NO,YES,YES,NO,NO,YES,YES,YES,NO,OFTEN,YES,NO,YES,NO,NO,NO,YES,NO,19,LOW
DEMO-0295,FRIENDS,YES,YES,YES,NO,YES,YES,NO,NO,YES,YES,OFTEN,NO,NO,YES,NO,YES,NO,NO,YES,25,MODERATE
DEMO-0296,PRIVATE,NO,YES,NO,NO,YES,YES,NO,NO,YES,NO,SOMETIMES,NO,YES,YES,NO,YES,NO,YES,YES,0,LOW
DEMO-0297,FRIENDS,NO,NO,YES,NO,NO,YES,YES,YES,YES,NO,OFTEN,YES,NO,YES,YES,NO,NO,NO,NO,4,LOW
DEMO-0298,FRIENDS,YES,YES,NO,NO,NO,NO,YES,NO,NO,NO,NO,NO,YES,YES,NO,YES,YES,NO,YES,0,LOW
DEMO-0299,FRIENDS,YES,YES,YES,NO,YES,YES,NO,YES,YES,YES,SOMETIMES,NO,YES,NO,NO,NO,NO,YES,NO,17,LOW
DEMO-0300,PUBLIC,YES,YES,YES,NO,NO,NO,NO,NO,NO,NO,SOMETIMES,YES,NO,YES,NO,YES,NO,NO,NO,5,LOW
DEMO-0301,PUBLIC,YES,NO,NO,NO,YES,YES,NO,YES,YES,YES,OFTEN,YES,YES,YES,NO,YES,NO,NO,NO,30,MODERATE
DEMO-0302,PUBLIC,YES,YES,NO,NO,YES,NO,NO,YES,NO,YES,OFTEN,NO,NO,YES,NO,NO,YES,YES,NO,17,LOW
DEMO-0303,PRIVATE,NO,NO,NO,YES,NO,NO,YES,NO,YES,YES,NO,YES,NO,YES,NO,YES,NO,NO,YES,7,LOW
DEMO-0304,FRIENDS,YES,YES,YES,NO,YES,YES,YES,NO,YES,NO,OFTEN,NO,NO,YES,NO,NO,YES,NO,NO,14,LOW
DEMO-0305,FRIENDS,NO,YES,NO,NO,NO,NO,NO,YES,YES,NO,NO,NO,NO,NO,YES,NO,NO,YES,YES,0,LOW
DEMO-0306,PUBLIC,YES,NO,NO,NO,YES,NO,YES,YES,NO,NO,SOMETIMES,YES,NO,YES,YES,YES,NO,NO,NO,9,LOW
DEMO-0307,PUBLIC,NO,NO,NO,NO,YES,YES,YES,YES,NO,NO,NO,NO,YES,NO,NO,YES,NO,YES,YES,4,LOW
DEMO-0308,PUBLIC,NO,NO,YES,NO,NO,NO,NO,NO,YES,NO,NO,YES,NO,YES,YES,YES,NO,NO,YES,0,LOW
DEMO-0309,FRIENDS,YES,YES,NO,NO,NO,NO,YES,NO,NO,YES,NO,YES,YES,YES,YES,NO,NO,NO,NO,0,LOW
DEMO-0310,PRIVATE,NO,YES,NO,YES,YES,YES,NO,NO,NO,NO,SOMETIMES,YES,YES,YES,YES,YES,YES,YES,NO,1,LOW
DEMO-0311,FRIENDS,YES,YES,YES,YES,NO,NO,NO,NO,YES,NO,NO,NO,YES,NO,YES,YES,YES,YES,YES,14,LOW
DEMO-0312,PRIVATE,YES,NO,YES,YES,YES,YES,NO,YES,YES,YES,SOMETIMES,NO,YES,YES,YES,YES,YES,NO,YES,30,MODERATE
DEMO-0313,FRIENDS,YES,YES,NO,YES,YES,YES,YES,YES,YES,NO,OFTEN,YES,YES,NO,NO,NO,YES,YES,YES,25,MODERATE
DEMO-0314,PUBLIC,YES,YES,YES,NO,YES,YES,YES,YES,NO,NO,NO,YES,NO,YES,YES,NO,NO,NO,YES,14,LOW
DEMO-0315,PRIVATE,YES,NO,YES,NO,YES,NO,YES,YES,NO,NO,NO,NO,YES,YES,NO,NO,YES,NO,NO,0,LOW
DEMO-0316,FRIENDS,NO,NO,YES,NO,NO,NO,YES,YES,NO,NO,OFTEN,YES,NO,YES,NO,NO,YES,YES,YES,0,LOW
DEMO-0317,FRIENDS,NO,YES,YES,YES,NO,YES,NO,YES,NO,YES,OFTEN,NO,NO,NO,NO,NO,NO,NO,NO,15,LOW
DEMO-0318,FRIENDS,NO,YES,NO,YES,YES,NO,NO,NO,YES,YES,OFTEN,YES,YES,YES,NO,YES,YES,NO,NO,19,LOW
DEMO-0319,PUBLIC,NO,YES,YES,NO,NO,YES,NO,NO,NO,NO,NO,NO,YES,YES,NO,YES,NO,NO,NO,0,LOW
DEMO-0320,FRIENDS,NO,NO,YES,YES,YES,NO,YES,NO,NO,YES,SOMETIMES,NO,NO,YES,NO,NO,NO,YES,YES,2,LOW
DEMO-0321,FRIENDS,NO,NO,NO,NO,NO,NO,YES,YES,YES,YES,SOMETIMES,NO,YES,NO,NO,YES,NO,NO,NO,3,LOW
DEMO-0322,FRIENDS,NO,YES,YES,YES,YES,NO,YES,YES,NO,YES,SOMETIMES,YES,YES,NO,YES,NO,NO,NO,NO,12,LOW
DEMO-0323,PUBLIC,NO,YES,NO,NO,NO,NO,YES,NO,YES,YES,SOMETIMES,NO,NO,YES,NO,NO,NO,YES,NO,2,LOW
DEMO-0324,PRIVATE,YES,YES,NO,NO,YES,NO,NO,YES,YES,YES,NO,NO,NO,YES,NO,NO,YES,NO,YES,9,LOW
DEMO-0325,PRIVATE,NO,NO,NO,NO,YES,NO,NO,NO,NO,YES,OFTEN,YES,NO,YES,NO,NO,NO,YES,YES,0,LOW
DEMO-0326,FRIENDS,NO,YES,YES,YES,NO,NO,NO,NO,YES,YES,SOMETIMES,NO,NO,YES,NO,YES,NO,YES,YES,13,LOW
DEMO-0327,PUBLIC,YES,YES,YES,NO,NO,NO,NO,NO,YES,YES,OFTEN,NO,YES,YES,NO,NO,YES,YES,NO,19,LOW
DEMO-0328,PUBLIC,YES,YES,NO,NO,YES,NO,NO,YES,NO,YES,OFTEN,YES,YES,NO,NO,YES,YES,YES,NO,24,MODERATE
DEMO-0329,FRIENDS,NO,YES,NO,YES,YES,YES,YES,YES,NO,NO,SOMETIMES,NO,YES,NO,NO,YES,NO,NO,NO,10,LOW
DEMO-0330,PRIVATE,YES,NO,YES,NO,NO,NO,NO,YES,YES,YES,NO,YES,NO,NO,NO,NO,YES,YES,NO,6,LOW
DEMO-0331,FRIENDS,YES,NO,NO,NO,YES,YES,NO,YES,YES,NO,NO,NO,NO,YES,NO,YES,NO,NO,NO,8,LOW
DEMO-0332,FRIENDS,NO,YES,YES,NO,YES,NO,NO,NO,NO,YES,OFTEN,YES,NO,YES,YES,NO,YES,NO,NO,0,LOW
DEMO-0333,PRIVATE,YES,YES,YES,YES,YES,NO,NO,NO,NO,YES,SOMETIMES,YES,NO,NO,YES,YES,NO,NO,YES,18,LOW
DEMO-0334,FRIENDS,NO,YES,YES,YES,YES,YES,NO,YES,NO,YES,OFTEN,NO,NO,NO,YES,YES,NO,YES,YES,26,MODERATE
DEMO-0335,PUBLIC,NO,NO,NO,YES,YES,YES,YES,NO,NO,NO,SOMETIMES,YES,NO,YES,YES,NO,YES,NO,YES,1,LOW
DEMO-0336,FRIENDS,YES,YES,NO,NO,YES,NO,YES,NO,NO,YES,OFTEN,NO,YES,NO,NO,YES,NO,NO,NO,13,LOW
DEMO-0337,PUBLIC,YES,YES,YES,NO,YES,NO,NO,YES,YES,NO,NO,NO,NO,NO,NO,YES,YES,YES,NO,22,MODERATE
DEMO-0338,PUBLIC,NO,NO,NO,YES,YES,NO,NO,YES,NO,YES,SOMETIMES,YES,YES,NO,NO,NO,NO,NO,NO,8,LOW
DEMO-0339,PRIVATE,NO,NO,NO,YES,NO,NO,YES,NO,YES,YES,OFTEN,YES,YES,YES,YES,NO,NO,YES,NO,7,LOW
DEMO-0340,FRIENDS,YES,NO,YES,NO,NO,NO,NO,NO,YES,YES,OFTEN,NO,YES,YES,NO,YES,YES,NO,YES,14,LOW
DEMO-0341,PRIVATE,YES,YES,NO,YES,YES,NO,YES,NO,YES,NO,NO,YES,NO,NO,YES,NO,YES,YES,YES,9,LOW
DEMO-0342,FRIENDS,NO,NO,NO,YES,NO,YES,NO,NO,YES,YES,OFTEN,NO,NO,YES,YES,NO,YES,NO,NO,7,LOW
DEMO-0343,PUBLIC,YES,NO,YES,YES,YES,YES,NO,NO,NO,YES,OFTEN,NO,NO,NO,NO,YES,NO,YES,NO,32,MODERATE
DEMO-0344,PRIVATE,YES,NO,NO,NO,NO,NO,NO,YES,NO,NO,NO,YES,NO,NO,YES,YES,NO,NO,YES,0,LOW
DEMO-0345,PRIVATE,YES,NO,YES,NO,NO,NO,YES,NO,NO,YES,OFTEN,NO,YES,NO,NO,YES,YES,YES,YES,10,LOW
DEMO-0346,PRIVATE,NO,NO,YES,NO,NO,NO,NO,YES,YES,YES,NO,NO,YES,YES,NO,YES,YES,NO,NO,5,LOW
DEMO-0347,FRIENDS,NO,NO,NO,NO,YES,YES,YES,YES,NO,YES,SOMETIMES,YES,YES,NO,YES,YES,YES,NO,NO,3,LOW
DEMO-0348,PRIVATE,NO,NO,NO,NO,NO,NO,YES,YES,YES,YES,OFTEN,YES,YES,YES,YES,YES,NO,YES,YES,10,LOW
DEMO-0349,FRIENDS,YES,YES,NO,NO,YES,NO,NO,YES,YES,YES,OFTEN,NO,NO,NO,YES,NO,YES,YES,NO,16,LOW
DEMO-0350,PRIVATE,NO,YES,NO,YES,YES,NO,NO,NO,NO,YES,SOMETIMES,NO,NO,NO,YES,YES,YES,NO,NO,5,LOW
DEMO-0351,PRIVATE,YES,NO,NO,NO,YES,NO,NO,NO,NO,YES,OFTEN,NO,YES,NO,NO,NO,YES,YES,NO,0,LOW
DEMO-0352,PRIVATE,NO,YES,NO,NO,NO,NO,NO,YES,YES,NO,NO,YES,NO,YES,YES,YES,YES,NO,YES,0,LOW
DEMO-0353,FRIENDS,NO,NO,YES,YES,YES,YES,NO,NO,NO,YES,OFTEN,YES,YES,NO,NO,YES,YES,YES,YES,16,LOW
DEMO-0354,FRIENDS,NO,NO,NO,YES,NO,YES,YES,YES,NO,NO,OFTEN,YES,YES,YES,YES,YES,YES,YES,NO,9,LOW
DEMO-0355,PUBLIC,NO,NO,NO,YES,YES,NO,NO,YES,YES,YES,SOMETIMES,NO,YES,YES,NO,NO,NO,YES,YES,15,LOW
DEMO-0356,FRIENDS,NO,NO,NO,YES,YES,NO,YES,YES,NO,NO,SOMETIMES,NO,NO,YES,NO,YES,YES,YES,YES,3,LOW
DEMO-0357,FRIENDS,NO,NO,YES,NO,YES,NO,YES,YES,YES,NO,SOMETIMES,NO,NO,NO,NO,YES,NO,YES,NO,5,LOW
DEMO-0358,FRIENDS,YES,NO,NO,NO,YES,NO,YES,YES,NO,NO,NO,YES,NO,YES,YES,NO,NO,YES,YES,0,LOW
DEMO-0359,PUBLIC,NO,YES,NO,NO,YES,YES,NO,NO,NO,YES,OFTEN,YES,NO,NO,YES,NO,NO,YES,YES,6,LOW
DEMO-0360,FRIENDS,NO,NO,YES,NO,YES,YES,NO,YES,NO,NO,OFTEN,YES,NO,NO,YES,YES,YES,NO,YES,5,LOW
DEMO-0361,FRIENDS,YES,NO,YES,NO,NO,NO,NO,NO,NO,NO,NO,NO,NO,YES,YES,YES,NO,NO,YES,0,LOW
DEMO-0362,PRIVATE,YES,YES,NO,NO,YES,YES,NO,YES,NO,YES,OFTEN,NO,NO,YES,YES,YES,NO,NO,NO,19,LOW
DEMO-0363,FRIENDS,NO,NO,YES,YES,YES,NO,YES,NO,NO,YES,OFTEN,NO,YES,YES,NO,YES,YES,NO,NO,16,LOW
DEMO-0364,PRIVATE,NO,NO,NO,NO,NO,YES,YES,NO,NO,NO,OFTEN,NO,YES,NO,NO,YES,NO,NO,YES,0,LOW
DEMO-0365,PRIVATE,NO,NO,YES,YES,YES,NO,YES,YES,YES,YES,NO,YES,NO,YES,YES,YES,YES,NO,YES,22,MODERATE
DEMO-0366,PUBLIC,NO,YES,NO,NO,YES,NO,YES,NO,NO,YES,SOMETIMES,YES,NO,NO,NO,YES,YES,YES,YES,6,LOW
DEMO-0367,FRIENDS,YES,YES,NO,YES,YES,NO,NO,YES,YES,NO,OFTEN,YES,YES,NO,NO,YES,NO,YES,NO,26,MODERATE
DEMO-0368,FRIENDS,NO,NO,YES,YES,YES,YES,YES,NO,NO,YES,SOMETIMES,YES,NO,NO,NO,YES,NO,YES,NO,12,LOW
DEMO-0369,PRIVATE,YES,YES,NO,YES,YES,YES,NO,NO,NO,YES,NO,YES,YES,NO,YES,YES,NO,NO,YES,16,LOW
DEMO-0370,PUBLIC,NO,NO,YES,YES,YES,NO,NO,NO,NO,NO,NO,YES,NO,YES,YES,YES,NO,YES,NO,7,LOW
DEMO-0371,PRIVATE,YES,YES,NO,NO,YES,NO,NO,NO,NO,NO,OFTEN,NO,NO,YES,NO,NO,YES,YES,YES,0,LOW
DEMO-0372,PRIVATE,NO,YES,YES,YES,NO,NO,NO,YES,YES,YES,NO,NO,YES,NO,NO,NO,NO,YES,YES,12,LOW
DEMO-0373,PUBLIC,NO,NO,YES,NO,YES,YES,YES,NO,NO,YES,OFTEN,NO,YES,YES,NO,NO,YES,NO,NO,10,LOW
DEMO-0374,PRIVATE,YES,YES,YES,NO,YES,NO,NO,YES,YES,YES,OFTEN,YES,YES,YES,NO,YES,NO,YES,YES,28,MODERATE
DEMO-0375,PRIVATE,NO,NO,YES,NO,YES,NO,NO,NO,NO,YES,NO,NO,NO,NO,YES,YES,YES,NO,NO,0,LOW
DEMO-0376,PRIVATE,NO,NO,YES,NO,YES,NO,YES,YES,YES,NO,OFTEN,YES,YES,YES,NO,NO,YES,YES,YES,5,LOW
DEMO-0377,FRIENDS,NO,YES,NO,NO,YES,YES,NO,YES,NO,YES,SOMETIMES,YES,YES,NO,YES,NO,YES,YES,YES,0,LOW
DEMO-0378,PUBLIC,NO,NO,YES,YES,YES,NO,YES,NO,NO,YES,OFTEN,YES,YES,NO,NO,NO,YES,NO,YES,17,LOW
DEMO-0379,PRIVATE,YES,NO,NO,NO,NO,YES,NO,YES,NO,NO,NO,YES,YES,YES,YES,YES,YES,YES,NO,0,LOW
DEMO-0380,FRIENDS,NO,NO,NO,YES,YES,YES,YES,YES,YES,NO,NO,NO,NO,NO,YES,YES,NO,NO,NO,13,LOW
DEMO-0381,FRIENDS,NO,YES,YES,YES,YES,YES,NO,NO,YES,YES,NO,YES,YES,NO,YES,NO,NO,NO,NO,13,LOW
DEMO-0382,PRIVATE,NO,NO,NO,YES,YES,NO,YES,NO,YES,YES,NO,YES,YES,NO,YES,YES,NO,NO,NO,11,LOW
DEMO-0383,PUBLIC,NO,YES,YES,NO,YES,YES,NO,YES,YES,YES,SOMETIMES,NO,YES,NO,YES,YES,YES,YES,NO,24,MODERATE
DEMO-0384,PUBLIC,YES,NO,YES,NO,YES,YES,YES,YES,YES,NO,OFTEN,YES,YES,NO,YES,NO,YES,NO,NO,24,MODERATE
DEMO-0385,PUBLIC,NO,NO,YES,NO,YES,YES,YES,YES,YES,YES,NO,NO,NO,NO,NO,YES,YES,YES,NO,23,MODERATE
DEMO-0386,PUBLIC,NO,YES,YES,NO,YES,NO,YES,YES,NO,YES,OFTEN,NO,NO,NO,NO,YES,NO,NO,NO,24,MODERATE
DEMO-0387,PRIVATE,NO,NO,NO,NO,YES,YES,YES,YES,NO,YES,SOMETIMES,YES,NO,NO,NO,YES,NO,NO,YES,3,LOW
DEMO-0388,PUBLIC,YES,NO,NO,NO,YES,YES,NO,NO,NO,NO,SOMETIMES,NO,NO,NO,NO,NO,NO,NO,YES,0,LOW
DEMO-0389,PUBLIC,NO,YES,NO,YES,NO,YES,NO,YES,NO,YES,OFTEN,YES,YES,NO,YES,YES,NO,YES,NO,25,MODERATE
DEMO-0390,FRIENDS,NO,NO,YES,YES,NO,YES,NO,NO,NO,NO,SOMETIMES,YES,NO,YES,NO,YES,YES,YES,NO,0,LOW
DEMO-0391,PUBLIC,NO,NO,NO,YES,NO,YES,NO,NO,YES,NO,SOMETIMES,YES,NO,YES,YES,NO,YES,NO,NO,1,LOW
DEMO-0392,FRIENDS,YES,NO,NO,NO,NO,NO,YES,YES,YES,YES,SOMETIMES,NO,NO,YES,NO,YES,NO,YES,NO,11,LOW
DEMO-0393,PUBLIC,NO,NO,NO,YES,YES,YES,YES,YES,NO,YES,OFTEN,YES,YES,NO,NO,YES,YES,NO,YES,28,MODERATE
DEMO-0394,FRIENDS,YES,NO,YES,YES,NO,NO,NO,YES,YES,YES,NO,NO,NO,YES,NO,YES,YES,YES,NO,23,MODERATE
DEMO-0395,FRIENDS,NO,YES,NO,YES,NO,NO,YES,YES,YES,NO,OFTEN,NO,YES,NO,NO,NO,NO,YES,YES,10,LOW
DEMO-0396,FRIENDS,NO,NO,NO,NO,YES,NO,YES,YES,NO,NO,SOMETIMES,YES,YES,NO,YES,YES,YES,NO,NO,0,LOW
DEMO-0397,PRIVATE,YES,YES,NO,NO,YES,NO,YES,YES,NO,NO,SOMETIMES,YES,NO,YES,YES,NO,YES,YES,NO,0,LOW
DEMO-0398,FRIENDS,NO,NO,YES,NO,YES,YES,NO,YES,YES,NO,NO,NO,NO,NO,YES,YES,YES,NO,YES,5,LOW
DEMO-0399,FRIENDS,NO,YES,YES,YES,YES,YES,NO,YES,NO,YES,OFTEN,YES,NO,YES,NO,NO,YES,YES,YES,19,LOW
DEMO-0400,PRIVATE,YES,NO,YES,YES,NO,NO,NO,YES,YES,YES,SOMETIMES,YES,YES,NO,YES,YES,YES,YES,NO,23,MODERATE
DEMO-0401,PUBLIC,YES,NO,YES,YES,YES,YES,YES,YES,YES,NO,NO,YES,NO,NO,YES,YES,NO,NO,YES,34,MODERATE
DEMO-0402,PUBLIC,YES,YES,NO,NO,YES,YES,NO,NO,YES,NO,OFTEN,NO,YES,YES,NO,NO,YES,YES,YES,14,LOW
DEMO-0403,FRIENDS,NO,NO,YES,YES,NO,YES,NO,NO,YES,NO,OFTEN,NO,NO,YES,NO,YES,NO,NO,YES,12,LOW
DEMO-0404,PRIVATE,YES,YES,YES,YES,NO,YES,NO,YES,YES,YES,OFTEN,NO,NO,NO,YES,YES,NO,YES,YES,37,MODERATE
DEMO-0405,PUBLIC,NO,NO,YES,NO,NO,YES,NO,NO,YES,YES,NO,NO,NO,YES,YES,YES,YES,YES,NO,10,LOW
DEMO-0406,PRIVATE,NO,YES,NO,YES,YES,NO,YES,YES,YES,YES,OFTEN,YES,YES,YES,YES,YES,YES,NO,NO,28,MODERATE
DEMO-0407,FRIENDS,YES,YES,YES,NO,YES,YES,NO,NO,NO,YES,SOMETIMES,NO,YES,NO,NO,NO,YES,NO,NO,4,LOW
DEMO-0408,FRIENDS,NO,YES,NO,YES,NO,NO,YES,NO,YES,YES,SOMETIMES,NO,NO,NO,NO,NO,NO,NO,YES,4,LOW
DEMO-0409,FRIENDS,YES,NO,YES,YES,YES,YES,YES,NO,NO,NO,SOMETIMES,NO,NO,NO,NO,NO,YES,NO,YES,6,LOW
DEMO-0410,PUBLIC,NO,YES,YES,NO,NO,NO,NO,NO,YES,NO,SOMETIMES,YES,YES,NO,YES,NO,YES,YES,NO,0,LOW
DEMO-0411,PRIVATE,NO,YES,NO,YES,YES,YES,YES,YES,NO,NO,NO,YES,YES,NO,YES,NO,NO,NO,NO,3,LOW
DEMO-0412,PRIVATE,NO,NO,YES,YES,NO,YES,NO,YES,NO,NO,OFTEN,YES,NO,YES,YES,YES,NO,NO,NO,11,LOW
DEMO-0413,PRIVATE,NO,YES,YES,NO,YES,YES,YES,NO,YES,YES,SOMETIMES,YES,YES,YES,YES,YES,YES,NO,NO,13,LOW
DEMO-0414,FRIENDS,YES,YES,YES,NO,YES,NO,YES,NO,YES,NO,OFTEN,YES,NO,NO,YES,YES,YES,NO,YES,18,LOW
DEMO-0415,PRIVATE,YES,YES,YES,YES,NO,NO,NO,NO,NO,NO,SOMETIMES,NO,NO,NO,YES,NO,NO,NO,YES,0,LOW
DEMO-0416,FRIENDS,NO,YES,YES,NO,NO,YES,YES,YES,NO,YES,SOMETIMES,NO,NO,NO,YES,YES,NO,YES,NO,8,LOW
DEMO-0417,PUBLIC,NO,NO,YES,NO,NO,YES,NO,NO,NO,YES,NO,NO,NO,YES,YES,YES,YES,NO,YES,3,LOW
DEMO-0418,FRIENDS,NO,YES,NO,YES,NO,YES,YES,YES,YES,YES,OFTEN,NO,YES,YES,NO,NO,NO,YES,NO,20,LOW
DEMO-0419,PRIVATE,NO,YES,YES,NO,YES,NO,YES,YES,NO,NO,NO,NO,NO,YES,YES,NO,YES,NO,YES,0,LOW
DEMO-0420,PUBLIC,YES,NO,YES,YES,NO,YES,NO,NO,YES,NO,OFTEN,YES,NO,NO,NO,NO,YES,YES,YES,21,MODERATE
DEMO-0421,FRIENDS,YES,NO,NO,YES,NO,YES,NO,NO,YES,NO,OFTEN,YES,NO,NO,YES,NO,NO,YES,NO,8,LOW
DEMO-0422,FRIENDS,NO,YES,NO,YES,YES,YES,YES,YES,NO,NO,SOMETIMES,YES,YES,NO,NO,NO,NO,NO,NO,3,LOW
DEMO-0423,FRIENDS,YES,NO,NO,YES,NO,YES,YES,NO,YES,NO,SOMETIMES,YES,YES,NO,NO,NO,YES,YES,YES,4,LOW
DEMO-0424,PRIVATE,YES,YES,NO,YES,YES,NO,NO,YES,YES,YES,SOMETIMES,NO,YES,YES,YES,NO,NO,YES,NO,19,LOW
DEMO-0425,PUBLIC,YES,YES,YES,NO,NO,NO,YES,NO,YES,NO,NO,NO,NO,NO,NO,YES,YES,YES,YES,15,LOW
DEMO-0426,PUBLIC,NO,YES,YES,NO,NO,YES,YES,NO,NO,NO,SOMETIMES,YES,YES,NO,YES,YES,NO,YES,NO,3,LOW
DEMO-0427,PRIVATE,NO,YES,YES,YES,YES,YES,YES,YES,NO,NO,OFTEN,YES,YES,YES,YES,YES,NO,YES,YES,22,MODERATE
DEMO-0428,PUBLIC,NO,NO,YES,NO,YES,YES,NO,YES,NO,NO,OFTEN,NO,NO,NO,YES,YES,YES,YES,YES,13,LOW
DEMO-0429,PUBLIC,YES,NO,YES,YES,YES,NO,NO,YES,NO,YES,NO,NO,NO,NO,YES,NO,NO,YES,NO,21,MODERATE
DEMO-0430,PRIVATE,NO,YES,YES,YES,NO,YES,NO,YES,NO,YES,SOMETIMES,NO,NO,YES,YES,YES,NO,YES,YES,15,LOW
DEMO-0431,PRIVATE,NO,YES,NO,YES,NO,NO,NO,YES,YES,NO,OFTEN,YES,NO,YES,NO,YES,YES,YES,NO,14,LOW
DEMO-0432,PRIVATE,NO,YES,NO,NO,NO,YES,YES,YES,NO,NO,OFTEN,NO,NO,NO,YES,NO,YES,YES,YES,0,LOW
DEMO-0433,PUBLIC,NO,NO,YES,NO,YES,NO,NO,YES,NO,NO,SOMETIMES,NO,NO,NO,YES,NO,YES,NO,NO,0,LOW
DEMO-0434,FRIENDS,YES,YES,YES,YES,YES,YES,YES,YES,NO,NO,OFTEN,NO,YES,NO,NO,YES,NO,YES,YES,30,MODERATE
DEMO-0435,PRIVATE,YES,NO,NO,YES,YES,NO,YES,YES,YES,YES,SOMETIMES,YES,NO,YES,NO,NO,NO,YES,NO,18,LOW
DEMO-0436,PUBLIC,NO,YES,YES,NO,NO,NO,NO,NO,YES,YES,NO,NO,YES,NO,YES,NO,NO,YES,NO,4,LOW
DEMO-0437,PUBLIC,NO,NO,NO,NO,YES,YES,NO,YES,NO,NO,OFTEN,YES,NO,NO,YES,YES,YES,NO,YES,8,LOW
DEMO-0438,FRIENDS,YES,YES,NO,YES,NO,NO,NO,NO,NO,NO,OFTEN,NO,YES,NO,NO,YES,YES,NO,NO,9,LOW
DEMO-0439,PUBLIC,NO,YES,YES,YES,NO,YES,YES,NO,NO,NO,OFTEN,YES,YES,NO,NO,YES,NO,NO,NO,20,LOW
DEMO-0440,PRIVATE,YES,NO,NO,NO,YES,YES,YES,YES,YES,YES,SOMETIMES,YES,YES,YES,NO,NO,YES,NO,NO,11,LOW
DEMO-0441,FRIENDS,NO,NO,YES,NO,YES,YES,YES,YES,NO,YES,SOMETIMES,YES,NO,YES,NO,YES,YES,YES,YES,8,LOW
DEMO-0442,PUBLIC,YES,YES,NO,YES,NO,YES,YES,NO,YES,YES,OFTEN,YES,NO,NO,NO,YES,YES,NO,NO,37,MODERATE
DEMO-0443,FRIENDS,YES,NO,YES,NO,YES,NO,NO,NO,NO,NO,OFTEN,NO,YES,YES,YES,YES,YES,NO,YES,4,LOW
DEMO-0444,FRIENDS,NO,NO,YES,NO,YES,NO,NO,NO,NO,NO,OFTEN,YES,YES,YES,NO,NO,NO,NO,YES,0,LOW
DEMO-0445,PRIVATE,NO,YES,NO,YES,YES,YES,YES,YES,YES,YES,NO,NO,YES,YES,NO,NO,NO,YES,YES,17,LOW
DEMO-0446,PUBLIC,YES,YES,NO,NO,NO,NO,NO,YES,NO,YES,SOMETIMES,NO,YES,YES,NO,YES,NO,YES,YES,13,LOW
DEMO-0447,PRIVATE,YES,NO,NO,YES,YES,NO,NO,NO,NO,NO,OFTEN,YES,YES,YES,YES,YES,NO,NO,NO,9,LOW
DEMO-0448,PUBLIC,NO,NO,YES,YES,YES,YES,YES,NO,YES,YES,SOMETIMES,YES,NO,YES,YES,YES,YES,YES,NO,27,MODERATE
DEMO-0449,PRIVATE,NO,NO,YES,NO,YES,NO,NO,NO,YES,YES,SOMETIMES,YES,NO,YES,NO,YES,YES,NO,NO,3,LOW
DEMO-0450,PRIVATE,YES,NO,YES,NO,NO,YES,NO,YES,NO,YES,NO,NO,NO,YES,NO,YES,NO,YES,NO,9,LOW
DEMO-0451,PUBLIC,YES,YES,NO,YES,NO,YES,NO,YES,YES,NO,NO,YES,YES,YES,YES,NO,YES,NO,NO,19,LOW
DEMO-0452,PUBLIC,YES,YES,YES,NO,NO,YES,YES,YES,YES,YES,OFTEN,YES,NO,YES,YES,YES,YES,NO,YES,38,MODERATE
DEMO-0453,PUBLIC,YES,NO,NO,YES,NO,NO,NO,YES,YES,YES,NO,NO,YES,YES,YES,YES,NO,YES,NO,26,MODERATE
DEMO-0454,PUBLIC,YES,YES,YES,YES,NO,NO,YES,NO,NO,YES,NO,NO,YES,NO,YES,YES,YES,YES,NO,25,MODERATE
DEMO-0455,FRIENDS,YES,NO,YES,NO,YES,YES,YES,YES,NO,NO,NO,YES,NO,YES,NO,NO,NO,YES,NO,2,LOW
DEMO-0456,FRIENDS,NO,NO,YES,YES,YES,YES,NO,YES,NO,NO,NO,NO,YES,YES,NO,NO,YES,YES,NO,1,LOW
DEMO-0457,PUBLIC,YES,NO,NO,NO,NO,NO,NO,NO,NO,YES,NO,YES,NO,NO,NO,NO,YES,NO,YES,0,LOW
DEMO-0458,PRIVATE,NO,YES,YES,YES,NO,YES,YES,YES,NO,NO,OFTEN,YES,YES,NO,NO,YES,NO,NO,YES,18,LOW
DEMO-0459,PRIVATE,NO,YES,YES,YES,YES,YES,YES,YES,NO,YES,NO,NO,NO,YES,YES,YES,NO,YES,YES,22,MODERATE
DEMO-0460,PUBLIC,NO,YES,YES,YES,YES,YES,NO,YES,YES,NO,NO,YES,NO,NO,NO,NO,NO,YES,NO,20,LOW
DEMO-0461,PUBLIC,YES,YES,YES,YES,YES,YES,NO,NO,NO,NO,NO,NO,YES,NO,YES,NO,YES,NO,YES,15,LOW
DEMO-0462,PRIVATE,YES,NO,YES,YES,NO,YES,YES,NO,NO,NO,NO,NO,NO,YES,YES,NO,NO,YES,NO,2,LOW
DEMO-0463,PUBLIC,YES,YES,NO,NO,YES,YES,NO,YES,YES,YES,OFTEN,YES,NO,YES,YES,YES,YES,NO,YES,34,MODERATE
DEMO-0464,PRIVATE,YES,NO,YES,YES,NO,YES,NO,YES,NO,NO,SOMETIMES,YES,NO,NO,NO,YES,YES,NO,NO,12,LOW
DEMO-0465,PRIVATE,YES,YES,YES,NO,NO,YES,NO,YES,YES,NO,OFTEN,YES,YES,YES,YES,YES,NO,NO,YES,20,LOW
DEMO-0466,FRIENDS,NO,NO,NO,YES,NO,YES,YES,YES,YES,NO,OFTEN,YES,YES,NO,YES,NO,YES,NO,NO,9,LOW
DEMO-0467,PUBLIC,NO,YES,YES,NO,NO,NO,YES,YES,YES,NO,SOMETIMES,NO,NO,NO,YES,YES,NO,YES,NO,13,LOW
DEMO-0468,FRIENDS,NO,NO,YES,NO,NO,NO,NO,YES,NO,NO,SOMETIMES,YES,YES,YES,YES,YES,YES,NO,NO,0,LOW
DEMO-0469,PUBLIC,NO,YES,YES,NO,NO,YES,NO,NO,NO,NO,OFTEN,YES,YES,YES,NO,NO,YES,NO,NO,0,LOW
DEMO-0470,PUBLIC,NO,NO,NO,YES,NO,YES,NO,NO,YES,YES,SOMETIMES,YES,YES,NO,YES,NO,YES,NO,NO,8,LOW
DEMO-0471,FRIENDS,YES,YES,YES,YES,NO,NO,NO,YES,YES,YES,OFTEN,NO,NO,YES,NO,NO,NO,YES,NO,27,MODERATE
DEMO-0472,PUBLIC,YES,YES,NO,NO,NO,YES,YES,NO,NO,NO,SOMETIMES,YES,NO,NO,NO,YES,YES,YES,YES,6,LOW
DEMO-0473,FRIENDS,NO,YES,YES,NO,YES,NO,NO,YES,NO,NO,NO,YES,NO,YES,NO,YES,YES,YES,YES,0,LOW
DEMO-0474,FRIENDS,YES,NO,YES,NO,YES,YES,YES,NO,NO,YES,SOMETIMES,NO,YES,NO,NO,NO,NO,NO,NO,3,LOW
DEMO-0475,PRIVATE,NO,NO,YES,YES,NO,NO,NO,YES,YES,NO,SOMETIMES,NO,NO,NO,YES,YES,YES,YES,YES,8,LOW
DEMO-0476,PRIVATE,NO,YES,NO,YES,NO,YES,NO,NO,YES,YES,SOMETIMES,NO,YES,YES,NO,YES,NO,NO,NO,11,LOW
DEMO-0477,PRIVATE,NO,YES,NO,YES,NO,NO,NO,NO,NO,YES,OFTEN,NO,YES,YES,YES,YES,NO,NO,NO,8,LOW
DEMO-0478,PUBLIC,NO,YES,NO,YES,NO,YES,NO,YES,NO,YES,SOMETIMES,NO,YES,NO,YES,YES,YES,YES,NO,18,LOW
DEMO-0479,PRIVATE,NO,YES,NO,YES,YES,YES,YES,NO,YES,YES,OFTEN,YES,NO,YES,YES,NO,NO,YES,YES,18,LOW
DEMO-0480,PRIVATE,YES,NO,YES,YES,NO,NO,YES,NO,YES,YES,NO,YES,YES,YES,NO,YES,YES,YES,NO,20,LOW
DEMO-0481,FRIENDS,YES,YES,YES,NO,NO,YES,NO,YES,NO,YES,SOMETIMES,YES,NO,YES,YES,NO,NO,NO,NO,6,LOW
DEMO-0482,PUBLIC,YES,NO,YES,YES,YES,YES,NO,NO,NO,YES,OFTEN,NO,YES,YES,YES,YES,YES,YES,NO,32,MODERATE
DEMO-0483,PUBLIC,YES,YES,NO,YES,YES,YES,YES,NO,NO,NO,OFTEN,YES,NO,NO,NO,NO,NO,NO,YES,20,LOW
DEMO-0484,FRIENDS,YES,YES,NO,NO,YES,NO,YES,YES,NO,NO,SOMETIMES,NO,NO,NO,YES,NO,NO,YES,NO,0,LOW
DEMO-0485,FRIENDS,YES,NO,YES,YES,NO,NO,NO,NO,NO,YES,OFTEN,YES,NO,NO,YES,NO,YES,YES,YES,10,LOW
DEMO-0486,PRIVATE,NO,NO,YES,NO,YES,YES,NO,YES,NO,YES,SOMETIMES,NO,YES,YES,NO,NO,YES,YES,YES,0,LOW
DEMO-0487,PRIVATE,NO,YES,NO,NO,NO,NO,YES,YES,YES,NO,SOMETIMES,YES,NO,NO,YES,YES,NO,YES,NO,0,LOW
DEMO-0488,PRIVATE,NO,YES,YES,NO,YES,YES,NO,NO,YES,NO,OFTEN,YES,NO,YES,YES,NO,YES,NO,NO,3,LOW
DEMO-0489,FRIENDS,NO,NO,NO,YES,NO,NO,YES,NO,NO,NO,SOMETIMES,YES,NO,YES,YES,YES,YES,YES,YES,0,LOW
DEMO-0490,PUBLIC,NO,NO,YES,YES,YES,YES,NO,YES,YES,NO,OFTEN,YES,YES,NO,YES,NO,NO,NO,NO,23,MODERATE
DEMO-0491,PRIVATE,YES,YES,NO,YES,YES,NO,YES,NO,NO,YES,NO,YES,NO,NO,NO,NO,NO,YES,YES,9,LOW
DEMO-0492,FRIENDS,NO,YES,NO,YES,YES,YES,YES,NO,YES,YES,OFTEN,YES,NO,NO,YES,NO,YES,NO,YES,18,LOW
DEMO-0493,PRIVATE,NO,NO,NO,YES,YES,YES,YES,NO,NO,NO,NO,YES,NO,YES,YES,NO,NO,YES,NO,0,LOW
DEMO-0494,PRIVATE,YES,YES,NO,YES,YES,YES,YES,NO,YES,NO,OFTEN,NO,NO,NO,NO,YES,YES,NO,NO,26,MODERATE
DEMO-0495,PUBLIC,YES,NO,NO,NO,YES,NO,NO,NO,YES,YES,NO,NO,NO,YES,NO,YES,NO,YES,NO,14,LOW
DEMO-0496,PRIVATE,NO,NO,YES,YES,YES,YES,YES,YES,YES,YES,NO,NO,YES,YES,YES,NO,YES,NO,NO,18,LOW
DEMO-0497,FRIENDS,YES,YES,NO,NO,YES,YES,YES,NO,NO,NO,NO,YES,YES,YES,NO,NO,YES,YES,NO,0,LOW
DEMO-0498,PRIVATE,YES,YES,YES,NO,NO,YES,YES,NO,NO,NO,OFTEN,YES,NO,YES,YES,YES,NO,NO,YES,10,LOW
DEMO-0499,FRIENDS,YES,NO,YES,YES,YES,NO,YES,YES,YES,YES,OFTEN,NO,NO,NO,NO,NO,NO,NO,NO,30,MODERATE
DEMO-0500,FRIENDS,NO,YES,NO,NO,NO,NO,YES,NO,YES,YES,SOMETIMES,YES,YES,NO,NO,YES,YES,NO,NO,1,LOW
DEMO-0501,PUBLIC,YES,YES,NO,YES,NO,NO,YES,NO,NO,NO,SOMETIMES,NO,NO,NO,YES,YES,NO,YES,NO,13,LOW
DEMO-0502,FRIENDS,NO,NO,YES,YES,NO,YES,NO,YES,NO,YES,SOMETIMES,NO,NO,YES,NO,YES,NO,YES,YES,11,LOW
DEMO-0503,FRIENDS,YES,YES,NO,NO,YES,NO,NO,YES,YES,NO,OFTEN,NO,NO,YES,YES,NO,YES,YES,NO,9,LOW
DEMO-0504,PRIVATE,YES,NO,YES,YES,NO,NO,YES,NO,NO,NO,OFTEN,NO,NO,NO,YES,NO,NO,YES,YES,6,LOW
DEMO-0505,FRIENDS,YES,NO,YES,NO,NO,YES,NO,NO,YES,NO,SOMETIMES,YES,YES,NO,NO,NO,NO,NO,NO,0,LOW
DEMO-0506,FRIENDS,NO,NO,NO,YES,YES,NO,YES,YES,NO,YES,NO,NO,YES,NO,YES,NO,YES,NO,YES,3,LOW
DEMO-0507,FRIENDS,NO,YES,YES,YES,NO,YES,NO,YES,NO,NO,NO,NO,YES,YES,YES,YES,YES,NO,YES,8,LOW
DEMO-0508,PUBLIC,YES,NO,NO,YES,NO,YES,YES,YES,YES,YES,NO,YES,YES,YES,YES,YES,NO,YES,NO,32,MODERATE
DEMO-0509,FRIENDS,YES,YES,NO,NO,NO,YES,YES,NO,NO,YES,SOMETIMES,YES,YES,YES,YES,YES,YES,YES,NO,5,LOW
DEMO-0510,FRIENDS,NO,NO,YES,NO,NO,NO,NO,NO,YES,NO,SOMETIMES,NO,YES,YES,NO,NO,YES,NO,YES,0,LOW
DEMO-0511,PRIVATE,NO,YES,NO,YES,NO,YES,NO,NO,NO,YES,OFTEN,NO,YES,NO,NO,YES,YES,YES,NO,11,LOW
DEMO-0512,PRIVATE,NO,NO,YES,NO,NO,NO,YES,NO,NO,NO,NO,YES,NO,YES,NO,NO,NO,YES,YES,0,LOW
DEMO-0513,PUBLIC,YES,YES,YES,YES,NO,NO,NO,YES,YES,YES,OFTEN,NO,NO,YES,YES,NO,YES,YES,YES,35,MODERATE
DEMO-0514,FRIENDS,NO,YES,YES,NO,YES,NO,NO,YES,YES,YES,SOMETIMES,NO,NO,NO,YES,YES,YES,NO,YES,13,LOW
DEMO-0515,PUBLIC,YES,YES,YES,YES,YES,YES,NO,NO,YES,NO,OFTEN,NO,YES,YES,NO,NO,NO,YES,YES,29,MODERATE
DEMO-0516,FRIENDS,NO,NO,YES,YES,YES,NO,YES,YES,NO,YES,OFTEN,NO,YES,YES,NO,NO,NO,NO,YES,15,LOW
DEMO-0517,PUBLIC,NO,YES,YES,NO,NO,YES,YES,NO,NO,YES,OFTEN,NO,NO,NO,YES,NO,YES,YES,YES,10,LOW
DEMO-0518,PRIVATE,NO,YES,YES,NO,YES,YES,NO,YES,NO,YES,NO,NO,YES,NO,YES,YES,YES,NO,YES,9,LOW
DEMO-0519,PRIVATE,NO,NO,NO,NO,YES,YES,YES,YES,YES,NO,NO,YES,NO,YES,NO,NO,YES,NO,NO,0,LOW
DEMO-0520,PRIVATE,YES,YES,NO,YES,NO,NO,YES,NO,NO,YES,OFTEN,YES,YES,YES,YES,NO,YES,YES,YES,12,LOW
DEMO-0521,PUBLIC,YES,YES,YES,NO,YES,NO,YES,NO,NO,YES,SOMETIMES,YES,NO,NO,YES,YES,YES,NO,YES,19,LOW
DEMO-0522,FRIENDS,NO,YES,NO,NO,NO,NO,YES,NO,NO,YES,OFTEN,NO,NO,NO,NO,YES,YES,YES,YES,1,LOW
DEMO-0523,FRIENDS,YES,YES,NO,YES,YES,YES,NO,NO,YES,YES,SOMETIMES,YES,NO,NO,NO,NO,YES,YES,NO,16,LOW
DEMO-0524,PRIVATE,NO,NO,YES,NO,NO,NO,YES,YES,YES,NO,OFTEN,NO,YES,NO,YES,NO,YES,NO,NO,1,LOW
DEMO-0525,PRIVATE,YES,YES,NO,NO,NO,YES,YES,NO,NO,NO,SOMETIMES,NO,YES,NO,NO,YES,YES,YES,NO,0,LOW
DEMO-0526,PRIVATE,NO,YES,YES,NO,NO,NO,YES,NO,NO,NO,NO,NO,YES,YES,NO,NO,NO,YES,NO,0,LOW
DEMO-0527,FRIENDS,YES,NO,YES,NO,YES,NO,NO,YES,NO,YES,NO,YES,NO,NO,YES,NO,YES,NO,NO,3,LOW
DEMO-0528,FRIENDS,NO,YES,YES,YES,YES,YES,YES,YES,YES,YES,NO,NO,NO,YES,YES,YES,NO,NO,YES,29,MODERATE
DEMO-0529,PRIVATE,NO,YES,YES,NO,YES,YES,NO,YES,YES,YES,OFTEN,NO,NO,NO,YES,NO,NO,YES,YES,16,LOW
DEMO-0530,FRIENDS,NO,NO,NO,NO,NO,NO,YES,YES,NO,YES,SOMETIMES,YES,YES,YES,YES,NO,NO,YES,NO,0,LOW
DEMO-0531,PRIVATE,YES,YES,NO,YES,YES,YES,NO,YES,YES,NO,NO,NO,NO,NO,YES,NO,YES,NO,YES,15,LOW
DEMO-0532,FRIENDS,YES,NO,NO,YES,YES,NO,NO,NO,YES,NO,NO,YES,NO,NO,YES,NO,NO,YES,YES,2,LOW
DEMO-0533,PRIVATE,YES,NO,YES,NO,NO,NO,NO,YES,YES,NO,SOMETIMES,YES,NO,YES,YES,NO,YES,YES,YES,0,LOW
DEMO-0534,FRIENDS,NO,NO,YES,YES,YES,NO,YES,YES,YES,YES,NO,NO,NO,NO,YES,NO,YES,NO,YES,15,LOW
DEMO-0535,FRIENDS,NO,YES,YES,YES,NO,NO,NO,NO,NO,NO,SOMETIMES,YES,YES,YES,YES,YES,NO,NO,NO,0,LOW
DEMO-0536,FRIENDS,NO,YES,NO,YES,YES,NO,NO,NO,YES,NO,SOMETIMES,NO,NO,NO,YES,YES,YES,YES,NO,5,LOW
DEMO-0537,PRIVATE,NO,NO,YES,NO,NO,YES,YES,NO,NO,NO,SOMETIMES,YES,YES,NO,NO,YES,YES,NO,YES,0,LOW
DEMO-0538,PUBLIC,YES,YES,YES,YES,YES,YES,NO,YES,NO,YES,SOMETIMES,NO,NO,YES,NO,NO,YES,YES,NO,28,MODERATE
DEMO-0539,FRIENDS,NO,NO,YES,YES,NO,YES,NO,YES,YES,YES,SOMETIMES,YES,NO,NO,NO,YES,NO,YES,NO,18,LOW
DEMO-0540,PUBLIC,NO,YES,YES,YES,YES,YES,NO,YES,YES,NO,SOMETIMES,YES,NO,YES,NO,NO,YES,YES,YES,20,LOW
DEMO-0541,PRIVATE,YES,YES,NO,YES,NO,YES,YES,YES,NO,NO,NO,NO,YES,NO,NO,YES,NO,YES,NO,14,LOW
DEMO-0542,PRIVATE,NO,NO,NO,NO,NO,NO,YES,YES,YES,NO,SOMETIMES,NO,NO,YES,NO,YES,YES,NO,NO,0,LOW
DEMO-0543,PRIVATE,YES,NO,NO,YES,NO,NO,NO,YES,YES,NO,SOMETIMES,YES,NO,YES,NO,NO,NO,NO,NO,4,LOW
DEMO-0544,FRIENDS,NO,NO,NO,YES,NO,NO,YES,NO,YES,NO,SOMETIMES,NO,YES,YES,YES,YES,NO,YES,YES,0,LOW
DEMO-0545,PRIVATE,YES,NO,YES,NO,NO,YES,YES,YES,NO,YES,OFTEN,NO,YES,NO,YES,NO,NO,NO,YES,12,LOW
DEMO-0546,PRIVATE,YES,YES,YES,YES,YES,NO,NO,YES,YES,NO,SOMETIMES,YES,YES,YES,YES,NO,YES,NO,NO,17,LOW
DEMO-0547,PUBLIC,NO,YES,YES,YES,NO,YES,YES,YES,YES,NO,OFTEN,NO,NO,NO,YES,NO,NO,NO,YES,26,MODERATE
DEMO-0548,PUBLIC,NO,NO,NO,NO,NO,YES,YES,NO,NO,NO,SOMETIMES,YES,NO,YES,NO,NO,NO,YES,NO,0,LOW
DEMO-0549,PUBLIC,YES,NO,YES,NO,NO,NO,YES,NO,NO,YES,NO,YES,YES,YES,YES,NO,YES,YES,YES,4,LOW
DEMO-0550,FRIENDS,NO,YES,YES,NO,NO,NO,NO,NO,YES,YES,SOMETIMES,NO,YES,NO,YES,NO,NO,NO,YES,0,LOW
DEMO-0551,FRIENDS,NO,NO,YES,YES,NO,YES,NO,YES,YES,YES,NO,YES,YES,YES,NO,YES,YES,NO,NO,18,LOW
DEMO-0552,PUBLIC,NO,YES,NO,NO,YES,NO,YES,NO,NO,NO,NO,NO,NO,YES,YES,NO,YES,NO,NO,0,LOW
DEMO-0553,FRIENDS,NO,YES,NO,YES,YES,NO,YES,NO,NO,YES,OFTEN,NO,YES,YES,NO,YES,YES,YES,NO,15,LOW
DEMO-0554,FRIENDS,YES,YES,NO,YES,YES,NO,YES,NO,YES,YES,SOMETIMES,NO,NO,NO,NO,NO,NO,YES,YES,16,LOW
DEMO-0555,PRIVATE,YES,YES,YES,NO,YES,NO,YES,YES,NO,NO,NO,NO,NO,YES,YES,YES,YES,YES,YES,10,LOW
DEMO-0556,PRIVATE,YES,YES,YES,NO,YES,NO,YES,YES,YES,NO,SOMETIMES,NO,NO,NO,YES,YES,NO,NO,NO,17,LOW
DEMO-0557,PRIVATE,NO,NO,NO,NO,YES,YES,YES,NO,YES,NO,NO,NO,NO,NO,YES,NO,NO,YES,YES,0,LOW
DEMO-0558,FRIENDS,NO,NO,NO,YES,YES,NO,NO,YES,YES,YES,SOMETIMES,NO,YES,YES,NO,NO,YES,NO,NO,7,LOW
DEMO-0559,PRIVATE,YES,NO,YES,NO,NO,NO,YES,NO,NO,YES,NO,YES,NO,NO,NO,YES,NO,YES,YES,3,LOW
DEMO-0560,FRIENDS,YES,YES,YES,YES,YES,NO,YES,YES,NO,YES,SOMETIMES,YES,NO,YES,YES,NO,NO,YES,NO,20,LOW
DEMO-0561,PRIVATE,YES,NO,NO,YES,YES,YES,YES,NO,YES,YES,SOMETIMES,YES,NO,YES,NO,YES,YES,NO,NO,22,MODERATE
DEMO-0562,PRIVATE,NO,YES,NO,NO,YES,NO,YES,YES,YES,YES,NO,YES,YES,NO,YES,YES,YES,YES,NO,11,LOW
DEMO-0563,FRIENDS,YES,YES,NO,YES,YES,NO,YES,NO,NO,YES,SOMETIMES,YES,NO,NO,YES,YES,NO,YES,YES,16,LOW
DEMO-0564,FRIENDS,NO,NO,NO,YES,NO,NO,NO,NO,NO,YES,OFTEN,NO,YES,YES,NO,NO,NO,YES,NO,0,LOW
DEMO-0565,PRIVATE,NO,YES,YES,NO,YES,NO,NO,YES,YES,YES,SOMETIMES,YES,NO,NO,NO,NO,YES,NO,YES,6,LOW
DEMO-0566,PRIVATE,NO,YES,YES,NO,NO,NO,NO,YES,YES,NO,SOMETIMES,YES,NO,YES,YES,NO,NO,NO,NO,0,LOW
DEMO-0567,FRIENDS,YES,NO,NO,NO,NO,NO,NO,YES,YES,YES,SOMETIMES,NO,NO,NO,YES,YES,YES,NO,YES,8,LOW
DEMO-0568,PRIVATE,YES,YES,NO,YES,YES,NO,YES,NO,NO,NO,OFTEN,NO,YES,YES,YES,YES,NO,NO,YES,16,LOW
DEMO-0569,PUBLIC,YES,YES,NO,YES,YES,YES,NO,YES,NO,YES,SOMETIMES,YES,NO,NO,YES,NO,NO,NO,YES,23,MODERATE
DEMO-0570,PUBLIC,NO,YES,NO,YES,NO,NO,NO,NO,NO,YES,SOMETIMES,NO,YES,YES,YES,YES,NO,NO,NO,9,LOW
DEMO-0571,PRIVATE,YES,NO,YES,YES,YES,NO,YES,YES,YES,NO,SOMETIMES,YES,NO,NO,YES,NO,YES,NO,NO,16,LOW
DEMO-0572,FRIENDS,NO,YES,NO,NO,YES,YES,NO,YES,NO,YES,SOMETIMES,YES,NO,YES,YES,NO,YES,NO,NO,0,LOW
DEMO-0573,PUBLIC,NO,NO,NO,YES,NO,NO,NO,YES,NO,NO,SOMETIMES,NO,NO,YES,YES,NO,NO,YES,YES,0,LOW
DEMO-0574,PUBLIC,NO,NO,YES,NO,NO,YES,NO,NO,YES,YES,SOMETIMES,NO,NO,YES,NO,NO,NO,NO,NO,3,LOW
DEMO-0575,PUBLIC,NO,YES,NO,NO,NO,YES,NO,NO,NO,YES,NO,YES,NO,YES,NO,YES,YES,YES,YES,2,LOW
DEMO-0576,PUBLIC,YES,NO,NO,NO,NO,NO,YES,NO,YES,YES,SOMETIMES,NO,YES,YES,YES,NO,YES,NO,NO,6,LOW
DEMO-0577,FRIENDS,NO,YES,YES,NO,YES,NO,YES,YES,NO,NO,NO,YES,YES,NO,NO,YES,NO,NO,YES,2,LOW
DEMO-0578,FRIENDS,YES,NO,YES,NO,NO,YES,NO,YES,YES,NO,NO,YES,NO,NO,NO,NO,YES,YES,YES,2,LOW
DEMO-0579,PUBLIC,NO,YES,YES,NO,NO,NO,NO,NO,NO,YES,SOMETIMES,NO,NO,NO,NO,YES,NO,NO,YES,4,LOW
DEMO-0580,PRIVATE,YES,NO,NO,NO,YES,YES,NO,NO,YES,YES,NO,NO,NO,NO,NO,NO,NO,YES,YES,2,LOW
DEMO-0581,PRIVATE,YES,NO,NO,NO,YES,NO,NO,YES,NO,YES,SOMETIMES,YES,YES,NO,YES,YES,YES,NO,YES,5,LOW
DEMO-0582,PUBLIC,NO,NO,NO,YES,NO,NO,NO,NO,YES,NO,NO,NO,YES,NO,NO,NO,NO,NO,YES,0,LOW
DEMO-0583,PUBLIC,NO,NO,YES,NO,NO,YES,YES,NO,NO,NO,SOMETIMES,YES,YES,YES,YES,YES,NO,YES,NO,0,LOW
DEMO-0584,PRIVATE,YES,YES,NO,YES,NO,YES,NO,YES,YES,NO,SOMETIMES,YES,YES,NO,YES,NO,YES,NO,YES,11,LOW
DEMO-0585,PUBLIC,YES,NO,NO,YES,NO,YES,YES,NO,YES,NO,OFTEN,YES,NO,YES,YES,YES,NO,NO,NO,26,MODERATE
DEMO-0586,PUBLIC,NO,NO,YES,YES,NO,NO,YES,NO,NO,YES,SOMETIMES,NO,NO,NO,YES,YES,YES,NO,YES,13,LOW
DEMO-0587,PRIVATE,YES,NO,NO,NO,YES,YES,NO,YES,NO,YES,SOMETIMES,YES,NO,NO,YES,NO,NO,NO,NO,1,LOW
DEMO-0588,FRIENDS,NO,NO,NO,YES,YES,YES,NO,YES,YES,NO,NO,NO,NO,NO,YES,NO,NO,NO,NO,3,LOW
DEMO-0589,PUBLIC,YES,YES,NO,NO,NO,YES,YES,YES,NO,YES,NO,YES,NO,NO,NO,NO,YES,NO,YES,12,LOW
DEMO-0590,PRIVATE,NO,NO,NO,NO,YES,NO,YES,NO,NO,YES,NO,YES,NO,YES,NO,YES,YES,YES,NO,0,LOW
DEMO-0591,PRIVATE,YES,YES,NO,NO,NO,YES,YES,YES,NO,YES,SOMETIMES,YES,NO,YES,NO,YES,YES,NO,YES,11,LOW
DEMO-0592,PUBLIC,NO,YES,YES,YES,NO,YES,YES,NO,NO,YES,NO,YES,YES,YES,NO,YES,YES,YES,YES,20,LOW
DEMO-0593,PRIVATE,NO,NO,YES,YES,NO,YES,YES,NO,YES,NO,OFTEN,NO,YES,YES,YES,NO,NO,YES,NO,8,LOW
DEMO-0594,PUBLIC,NO,YES,NO,YES,NO,NO,NO,NO,YES,NO,NO,NO,NO,NO,NO,YES,NO,NO,NO,9,LOW
DEMO-0595,PRIVATE,NO,YES,YES,NO,YES,NO,NO,NO,YES,YES,OFTEN,NO,NO,YES,NO,NO,YES,YES,YES,7,LOW
DEMO-0596,PUBLIC,YES,NO,NO,NO,NO,YES,NO,YES,YES,NO,OFTEN,YES,NO,YES,YES,YES,NO,NO,NO,19,LOW
DEMO-0597,PRIVATE,NO,YES,NO,NO,NO,NO,YES,NO,NO,NO,NO,NO,NO,NO,NO,NO,NO,YES,NO,0,LOW
DEMO-0598,PUBLIC,NO,NO,YES,NO,NO,YES,YES,YES,NO,NO,SOMETIMES,YES,NO,NO,NO,NO,YES,YES,NO,0,LOW
DEMO-0599,FRIENDS,YES,YES,YES,YES,NO,NO,NO,YES,NO,NO,OFTEN,NO,NO,YES,YES,YES,NO,NO,NO,20,LOW
DEMO-0600,FRIENDS,NO,YES,NO,YES,YES,NO,NO,YES,YES,NO,NO,YES,YES,NO,YES,NO,NO,NO,YES,4,LOW
DEMO-0601,PUBLIC,YES,NO,NO,NO,YES,YES,NO,NO,YES,NO,SOMETIMES,NO,YES,NO,NO,YES,YES,YES,NO,10,LOW
DEMO-0602,FRIENDS,NO,NO,YES,YES,NO,YES,NO,YES,NO,NO,SOMETIMES,NO,YES,YES,YES,YES,YES,YES,NO,4,LOW
DEMO-0603,PRIVATE,YES,YES,NO,NO,NO,NO,YES,NO,YES,YES,NO,NO,NO,NO,YES,NO,NO,YES,NO,2,LOW
DEMO-0604,PUBLIC,YES,YES,NO,NO,YES,NO,YES,NO,NO,YES,NO,NO,YES,YES,YES,YES,NO,YES,YES,14,LOW
DEMO-0605,PUBLIC,YES,YES,NO,YES,NO,NO,YES,YES,YES,NO,OFTEN,NO,NO,YES,YES,NO,YES,YES,NO,26,MODERATE
DEMO-0606,PUBLIC,NO,YES,NO,YES,NO,YES,NO,NO,NO,YES,OFTEN,NO,YES,YES,YES,YES,YES,YES,YES,19,LOW
DEMO-0607,FRIENDS,NO,NO,NO,YES,YES,YES,NO,NO,NO,YES,SOMETIMES,YES,YES,NO,NO,NO,YES,NO,NO,0,LOW
DEMO-0608,FRIENDS,YES,NO,NO,YES,YES,NO,NO,YES,NO,NO,OFTEN,YES,YES,YES,YES,YES,YES,YES,NO,15,LOW
DEMO-0609,PUBLIC,YES,YES,NO,NO,NO,YES,NO,YES,YES,YES,NO,YES,NO,YES,YES,YES,NO,YES,NO,23,MODERATE
DEMO-0610,FRIENDS,NO,NO,NO,YES,YES,NO,YES,NO,YES,YES,SOMETIMES,YES,NO,YES,YES,YES,YES,NO,YES,11,LOW
DEMO-0611,PUBLIC,NO,YES,YES,NO,NO,NO,NO,YES,YES,NO,SOMETIMES,NO,NO,YES,NO,NO,YES,NO,NO,3,LOW
DEMO-0612,PRIVATE,YES,YES,YES,YES,YES,YES,YES,YES,NO,NO,NO,YES,YES,YES,NO,YES,NO,NO,NO,23,MODERATE
DEMO-0613,PRIVATE,NO,YES,NO,NO,NO,YES,YES,NO,YES,YES,OFTEN,YES,YES,YES,YES,YES,NO,NO,YES,11,LOW
DEMO-0614,PRIVATE,NO,NO,NO,YES,NO,NO,YES,NO,NO,NO,OFTEN,NO,NO,NO,YES,NO,NO,NO,NO,0,LOW
DEMO-0615,PRIVATE,YES,NO,NO,YES,NO,NO,YES,YES,YES,YES,SOMETIMES,YES,YES,NO,YES,NO,NO,NO,NO,14,LOW
DEMO-0616,PRIVATE,YES,YES,NO,YES,YES,YES,YES,YES,NO,YES,NO,YES,NO,YES,YES,NO,YES,YES,YES,18,LOW
DEMO-0617,PRIVATE,YES,YES,NO,YES,NO,YES,NO,NO,NO,NO,SOMETIMES,NO,NO,YES,NO,YES,YES,NO,NO,5,LOW
DEMO-0618,PUBLIC,YES,YES,NO,YES,YES,NO,YES,YES,NO,YES,NO,NO,NO,YES,YES,NO,YES,YES,NO,23,MODERATE
DEMO-0619,PUBLIC,NO,YES,YES,YES,NO,YES,NO,NO,YES,YES,NO,NO,YES,NO,YES,NO,NO,YES,NO,17,LOW
DEMO-0620,PUBLIC,YES,NO,NO,YES,NO,NO,YES,NO,NO,YES,NO,NO,NO,YES,YES,YES,NO,YES,NO,16,LOW
DEMO-0621,PRIVATE,NO,NO,YES,YES,NO,NO,NO,NO,NO,NO,SOMETIMES,YES,YES,YES,NO,YES,NO,YES,NO,0,LOW
DEMO-0622,PRIVATE,NO,YES,NO,NO,NO,YES,YES,YES,YES,YES,OFTEN,NO,NO,NO,YES,NO,NO,NO,YES,10,LOW
DEMO-0623,FRIENDS,NO,YES,YES,YES,YES,NO,YES,NO,NO,YES,NO,NO,NO,NO,NO,NO,YES,NO,NO,6,LOW
DEMO-0624,PUBLIC,NO,NO,NO,YES,YES,NO,NO,NO,YES,NO,OFTEN,NO,NO,YES,NO,NO,YES,YES,NO,9,LOW
DEMO-0625,FRIENDS,NO,YES,NO,YES,NO,NO,NO,NO,NO,NO,OFTEN,YES,NO,YES,YES,YES,NO,NO,YES,1,LOW
DEMO-0626,FRIENDS,YES,YES,YES,YES,NO,NO,YES,NO,NO,NO,OFTEN,NO,YES,NO,YES,NO,YES,NO,YES,10,LOW
DEMO-0627,PUBLIC,YES,NO,YES,NO,YES,YES,YES,YES,NO,YES,OFTEN,YES,NO,YES,YES,NO,NO,NO,YES,24,MODERATE
DEMO-0628,FRIENDS,YES,NO,NO,NO,NO,NO,NO,NO,NO,YES,SOMETIMES,NO,YES,YES,NO,YES,YES,YES,NO,0,LOW
DEMO-0629,PRIVATE,NO,YES,YES,NO,YES,NO,NO,YES,NO,NO,SOMETIMES,NO,YES,YES,YES,NO,YES,NO,NO,0,LOW
DEMO-0630,PRIVATE,YES,YES,NO,YES,NO,NO,YES,NO,NO,YES,SOMETIMES,YES,NO,NO,NO,NO,YES,NO,YES,5,LOW
DEMO-0631,PRIVATE,NO,YES,YES,NO,YES,YES,YES,NO,YES,YES,OFTEN,YES,YES,YES,NO,YES,NO,YES,YES,20,LOW
DEMO-0632,FRIENDS,NO,NO,NO,NO,YES,NO,YES,YES,NO,NO,OFTEN,NO,NO,NO,YES,YES,NO,NO,YES,0,LOW
DEMO-0633,PUBLIC,NO,YES,NO,NO,YES,NO,YES,YES,YES,NO,OFTEN,YES,YES,YES,YES,NO,NO,NO,YES,12,LOW
DEMO-0634,PRIVATE,NO,YES,YES,YES,NO,YES,YES,NO,YES,YES,NO,NO,YES,NO,YES,YES,NO,YES,YES,19,LOW
DEMO-0635,PRIVATE,YES,NO,NO,YES,NO,YES,YES,YES,NO,YES,NO,YES,NO,NO,NO,NO,YES,YES,NO,10,LOW
DEMO-0636,PUBLIC,NO,YES,YES,NO,YES,NO,YES,NO,YES,NO,NO,YES,YES,NO,NO,YES,NO,NO,YES,11,LOW
DEMO-0637,FRIENDS,YES,NO,NO,NO,NO,NO,YES,NO,YES,NO,OFTEN,NO,NO,NO,NO,NO,NO,YES,YES,0,LOW
DEMO-0638,PUBLIC,YES,NO,YES,NO,YES,YES,YES,NO,NO,YES,SOMETIMES,YES,NO,YES,NO,YES,YES,YES,NO,18,LOW
DEMO-0639,PUBLIC,YES,NO,YES,YES,NO,YES,YES,YES,NO,YES,NO,YES,NO,YES,YES,NO,YES,NO,YES,23,MODERATE
DEMO-0640,FRIENDS,NO,YES,YES,YES,YES,NO,NO,NO,YES,NO,SOMETIMES,YES,NO,NO,NO,NO,YES,NO,NO,3,LOW
DEMO-0641,PRIVATE,YES,NO,YES,NO,YES,YES,YES,YES,YES,YES,SOMETIMES,YES,YES,NO,YES,NO,NO,NO,NO,16,LOW
DEMO-0642,FRIENDS,NO,YES,YES,NO,YES,YES,NO,YES,YES,YES,SOMETIMES,NO,YES,YES,YES,YES,NO,YES,YES,16,LOW
DEMO-0643,PRIVATE,YES,YES,NO,NO,NO,YES,NO,YES,YES,YES,NO,NO,YES,YES,YES,NO,NO,YES,NO,8,LOW
DEMO-0644,FRIENDS,YES,YES,NO,NO,YES,NO,YES,YES,YES,YES,SOMETIMES,NO,YES,NO,YES,YES,NO,YES,YES,19,LOW
DEMO-0645,PRIVATE,NO,YES,YES,YES,NO,YES,YES,NO,NO,YES,OFTEN,YES,YES,YES,NO,YES,YES,NO,YES,19,LOW
DEMO-0646,PUBLIC,YES,YES,YES,NO,NO,NO,NO,NO,YES,NO,NO,NO,NO,NO,NO,YES,NO,NO,YES,12,LOW
DEMO-0647,PUBLIC,NO,YES,NO,NO,YES,NO,YES,NO,NO,YES,OFTEN,NO,NO,YES,NO,YES,NO,YES,NO,13,LOW
DEMO-0648,FRIENDS,NO,NO,NO,NO,NO,NO,NO,NO,NO,NO,OFTEN,YES,YES,YES,YES,YES,NO,NO,NO,0,LOW
DEMO-0649,FRIENDS,NO,YES,NO,YES,NO,YES,NO,NO,NO,YES,OFTEN,YES,NO,YES,NO,NO,YES,NO,YES,4,LOW
DEMO-0650,PRIVATE,YES,NO,YES,NO,YES,NO,YES,YES,NO,NO,SOMETIMES,YES,YES,NO,NO,YES,YES,YES,YES,6,LOW
DEMO-0651,PUBLIC,YES,YES,NO,YES,NO,NO,YES,YES,YES,NO,OFTEN,NO,NO,NO,NO,NO,YES,NO,NO,26,MODERATE
DEMO-0652,PUBLIC,YES,YES,YES,NO,YES,NO,YES,NO,NO,YES,OFTEN,YES,NO,YES,YES,YES,NO,NO,NO,26,MODERATE
DEMO-0653,FRIENDS,YES,YES,NO,NO,YES,NO,YES,NO,NO,NO,OFTEN,NO,YES,YES,YES,NO,NO,YES,YES,0,LOW
DEMO-0654,PRIVATE,YES,NO,NO,YES,NO,NO,YES,NO,YES,NO,SOMETIMES,YES,NO,YES,NO,NO,YES,YES,YES,1,LOW
DEMO-0655,PRIVATE,NO,NO,NO,NO,NO,YES,NO,NO,YES,NO,NO,YES,YES,YES,YES,NO,NO,YES,NO,0,LOW
DEMO-0656,FRIENDS,NO,YES,NO,NO,NO,NO,NO,NO,NO,YES,SOMETIMES,NO,YES,NO,NO,NO,YES,NO,YES,0,LOW
DEMO-0657,PRIVATE,NO,YES,YES,YES,YES,YES,YES,YES,NO,YES,OFTEN,YES,YES,YES,YES,YES,NO,YES,YES,29,MODERATE
DEMO-0658,PRIVATE,NO,NO,YES,YES,YES,YES,YES,YES,YES,YES,NO,YES,YES,NO,YES,YES,YES,YES,NO,25,MODERATE
DEMO-0659,FRIENDS,YES,NO,YES,NO,YES,NO,NO,YES,NO,YES,NO,YES,YES,YES,YES,NO,YES,YES,YES,3,LOW
DEMO-0660,PRIVATE,YES,YES,YES,NO,YES,YES,NO,NO,NO,NO,OFTEN,NO,NO,NO,YES,YES,NO,NO,YES,11,LOW
DEMO-0661,PUBLIC,YES,YES,NO,NO,YES,NO,YES,NO,YES,YES,SOMETIMES,NO,YES,NO,NO,NO,NO,NO,NO,14,LOW
DEMO-0662,FRIENDS,NO,NO,NO,YES,YES,YES,YES,NO,NO,NO,SOMETIMES,NO,NO,NO,NO,NO,YES,YES,NO,0,LOW
DEMO-0663,FRIENDS,YES,YES,NO,NO,YES,NO,NO,YES,NO,YES,OFTEN,YES,YES,YES,YES,NO,NO,YES,NO,9,LOW
DEMO-0664,FRIENDS,YES,YES,NO,NO,YES,NO,NO,YES,YES,NO,NO,NO,NO,NO,YES,NO,YES,NO,YES,2,LOW
DEMO-0665,PUBLIC,NO,NO,NO,YES,YES,NO,YES,NO,NO,YES,SOMETIMES,YES,NO,NO,NO,YES,YES,NO,NO,12,LOW
DEMO-0666,PRIVATE,NO,YES,NO,NO,YES,YES,NO,NO,NO,YES,OFTEN,NO,YES,NO,NO,NO,NO,NO,YES,0,LOW
DEMO-0667,PUBLIC,NO,YES,YES,YES,NO,NO,YES,NO,YES,NO,OFTEN,NO,YES,NO,NO,NO,YES,NO,NO,17,LOW
DEMO-0668,PUBLIC,NO,YES,NO,YES,NO,YES,YES,YES,NO,NO,NO,NO,YES,NO,NO,NO,NO,YES,YES,7,LOW
DEMO-0669,PRIVATE,YES,NO,YES,YES,NO,YES,NO,NO,YES,NO,SOMETIMES,YES,YES,NO,YES,YES,NO,YES,NO,13,LOW
DEMO-0670,FRIENDS,YES,NO,NO,YES,NO,NO,YES,NO,NO,NO,OFTEN,NO,NO,YES,YES,NO,YES,YES,YES,1,LOW
DEMO-0671,FRIENDS,NO,NO,YES,NO,NO,YES,NO,NO,NO,YES,SOMETIMES,YES,NO,NO,YES,YES,YES,NO,YES,0,LOW
DEMO-0672,PUBLIC,YES,YES,YES,YES,YES,YES,NO,NO,NO,YES,SOMETIMES,NO,YES,NO,NO,YES,NO,NO,YES,29,MODERATE
DEMO-0673,PRIVATE,YES,YES,NO,YES,YES,NO,YES,YES,YES,YES,OFTEN,YES,NO,YES,YES,YES,YES,YES,YES,36,MODERATE
DEMO-0674,PRIVATE,NO,NO,NO,NO,YES,NO,NO,YES,NO,YES,OFTEN,YES,YES,YES,YES,NO,YES,NO,YES,0,LOW
DEMO-0675,PRIVATE,NO,YES,NO,YES,YES,YES,NO,NO,NO,NO,OFTEN,YES,NO,NO,YES,NO,NO,NO,YES,1,LOW
DEMO-0676,PRIVATE,NO,NO,YES,NO,NO,YES,YES,YES,YES,NO,OFTEN,YES,YES,NO,YES,NO,NO,NO,YES,4,LOW
DEMO-0677,PRIVATE,YES,NO,YES,YES,NO,YES,YES,YES,NO,YES,SOMETIMES,NO,NO,NO,NO,YES,NO,NO,NO,22,MODERATE
DEMO-0678,PRIVATE,YES,YES,YES,YES,YES,YES,YES,NO,YES,NO,SOMETIMES,NO,YES,YES,YES,NO,YES,YES,NO,17,LOW
DEMO-0679,PRIVATE,NO,YES,NO,NO,YES,NO,YES,YES,NO,YES,SOMETIMES,NO,YES,YES,YES,NO,YES,YES,YES,0,LOW
DEMO-0680,PUBLIC,YES,NO,NO,NO,YES,NO,YES,YES,YES,YES,SOMETIMES,NO,YES,YES,NO,NO,NO,NO,YES,16,LOW
DEMO-0681,PUBLIC,YES,YES,NO,NO,NO,YES,NO,YES,NO,YES,OFTEN,NO,YES,YES,NO,NO,YES,YES,NO,16,LOW
DEMO-0682,FRIENDS,YES,NO,NO,NO,YES,NO,NO,YES,NO,NO,SOMETIMES,YES,NO,NO,NO,NO,NO,YES,NO,0,LOW
DEMO-0683,PRIVATE,NO,NO,NO,YES,NO,YES,NO,NO,NO,NO,NO,YES,YES,NO,YES,NO,YES,YES,YES,0,LOW
DEMO-0684,PRIVATE,NO,YES,NO,YES,YES,YES,YES,NO,YES,YES,NO,NO,NO,YES,NO,NO,NO,NO,YES,11,LOW
DEMO-0685,PRIVATE,NO,NO,YES,YES,NO,YES,YES,YES,YES,NO,OFTEN,YES,NO,YES,NO,NO,YES,YES,YES,14,LOW
DEMO-0686,PUBLIC,YES,YES,NO,YES,YES,YES,YES,YES,NO,NO,OFTEN,NO,NO,NO,YES,NO,NO,NO,NO,26,MODERATE
DEMO-0687,PUBLIC,NO,NO,NO,YES,NO,YES,NO,NO,NO,YES,SOMETIMES,NO,NO,YES,NO,NO,NO,YES,NO,1,LOW
DEMO-0688,PUBLIC,NO,YES,NO,NO,YES,YES,YES,YES,NO,NO,NO,NO,YES,NO,YES,NO,NO,NO,YES,1,LOW
DEMO-0689,PRIVATE,NO,YES,YES,YES,YES,NO,YES,YES,NO,NO,NO,NO,YES,NO,YES,NO,YES,NO,NO,5,LOW
DEMO-0690,PUBLIC,YES,NO,NO,NO,YES,YES,YES,YES,NO,NO,OFTEN,YES,NO,YES,NO,YES,NO,YES,YES,19,LOW
DEMO-0691,FRIENDS,NO,YES,NO,YES,YES,YES,YES,YES,YES,NO,SOMETIMES,NO,NO,YES,NO,YES,NO,NO,YES,17,LOW
DEMO-0692,FRIENDS,NO,NO,YES,YES,YES,NO,NO,NO,NO,YES,OFTEN,YES,YES,YES,YES,YES,YES,NO,NO,13,LOW
DEMO-0693,PRIVATE,NO,NO,YES,YES,NO,YES,YES,YES,YES,YES,SOMETIMES,YES,NO,YES,NO,YES,YES,YES,NO,21,MODERATE
DEMO-0694,PRIVATE,YES,NO,YES,NO,YES,NO,YES,YES,NO,NO,SOMETIMES,YES,YES,YES,NO,YES,YES,YES,YES,6,LOW
DEMO-0695,PUBLIC,NO,YES,YES,YES,NO,NO,YES,NO,NO,YES,SOMETIMES,YES,NO,NO,YES,YES,NO,NO,NO,17,LOW
DEMO-0696,PRIVATE,YES,YES,NO,NO,YES,YES,NO,NO,YES,NO,NO,YES,NO,YES,YES,YES,YES,NO,NO,6,LOW
DEMO-0697,FRIENDS,NO,NO,NO,NO,NO,NO,NO,NO,NO,YES,SOMETIMES,NO,YES,NO,NO,YES,NO,NO,NO,0,LOW
DEMO-0698,FRIENDS,YES,NO,NO,YES,YES,NO,NO,YES,NO,NO,SOMETIMES,NO,NO,YES,YES,NO,YES,NO,NO,1,LOW
DEMO-0699,PUBLIC,NO,YES,YES,NO,YES,YES,NO,YES,NO,NO,OFTEN,NO,NO,NO,NO,NO,YES,NO,YES,10,LOW
DEMO-0700,FRIENDS,YES,NO,NO,YES,YES,YES,NO,NO,NO,NO,NO,NO,YES,NO,YES,NO,NO,YES,NO,0,LOW
DEMO-0701,FRIENDS,NO,NO,YES,YES,YES,YES,NO,YES,YES,YES,SOMETIMES,YES,NO,YES,YES,NO,YES,YES,YES,15,LOW
DEMO-0702,PUBLIC,YES,NO,NO,NO,NO,YES,YES,YES,NO,NO,OFTEN,YES,YES,NO,YES,YES,NO,YES,YES,15,LOW
DEMO-0703,PUBLIC,YES,NO,NO,YES,YES,YES,NO,YES,YES,NO,NO,YES,YES,YES,NO,YES,YES,YES,NO,26,MODERATE
DEMO-0704,FRIENDS,NO,NO,YES,YES,YES,YES,NO,NO,NO,YES,NO,NO,NO,YES,NO,YES,NO,NO,NO,9,LOW
DEMO-0705,FRIENDS,YES,NO,NO,NO,YES,NO,YES,YES,NO,YES,SOMETIMES,YES,YES,NO,NO,NO,NO,YES,NO,1,LOW
DEMO-0706,PUBLIC,NO,NO,YES,YES,YES,NO,YES,NO,NO,NO,SOMETIMES,YES,NO,NO,NO,NO,YES,NO,NO,3,LOW
DEMO-0707,FRIENDS,YES,NO,NO,NO,NO,YES,YES,YES,YES,YES,SOMETIMES,NO,YES,YES,YES,YES,YES,YES,NO,14,LOW
DEMO-0708,PUBLIC,NO,NO,YES,NO,YES,NO,NO,YES,YES,NO,SOMETIMES,YES,YES,YES,YES,YES,YES,NO,NO,10,LOW
DEMO-0709,FRIENDS,YES,YES,YES,YES,YES,YES,YES,NO,YES,YES,SOMETIMES,NO,YES,YES,YES,YES,YES,NO,YES,31,MODERATE
DEMO-0710,FRIENDS,YES,YES,NO,YES,YES,YES,NO,YES,YES,YES,NO,NO,NO,NO,YES,NO,YES,YES,YES,22,MODERATE
DEMO-0711,PUBLIC,YES,YES,NO,YES,YES,NO,NO,NO,NO,NO,NO,NO,NO,NO,NO,NO,YES,NO,YES,7,LOW
DEMO-0712,PUBLIC,YES,YES,NO,NO,YES,NO,NO,NO,NO,NO,OFTEN,NO,NO,YES,YES,YES,NO,YES,NO,11,LOW
DEMO-0713,PRIVATE,YES,NO,NO,YES,YES,YES,YES,NO,NO,NO,SOMETIMES,NO,NO,NO,YES,NO,YES,NO,YES,1,LOW
DEMO-0714,PUBLIC,YES,YES,NO,NO,YES,NO,NO,NO,NO,YES,NO,NO,NO,NO,YES,NO,YES,NO,NO,4,LOW
DEMO-0715,PUBLIC,NO,YES,YES,YES,YES,NO,YES,YES,YES,NO,OFTEN,NO,NO,NO,NO,NO,NO,NO,NO,27,MODERATE
DEMO-0716,PUBLIC,YES,NO,NO,NO,YES,YES,YES,NO,NO,NO,NO,NO,YES,YES,YES,YES,NO,NO,NO,6,LOW
DEMO-0717,PUBLIC,YES,YES,NO,YES,YES,YES,NO,YES,NO,YES,SOMETIMES,NO,YES,YES,YES,YES,YES,NO,NO,30,MODERATE
DEMO-0718,PUBLIC,YES,NO,YES,NO,YES,YES,NO,NO,NO,NO,SOMETIMES,NO,NO,YES,NO,YES,YES,YES,NO,8,LOW
DEMO-0719,FRIENDS,NO,NO,NO,NO,NO,YES,NO,NO,YES,YES,NO,YES,YES,YES,NO,YES,YES,NO,NO,0,LOW
DEMO-0720,PRIVATE,NO,NO,NO,NO,YES,YES,YES,NO,YES,NO,OFTEN,NO,NO,NO,YES,NO,NO,YES,NO,0,LOW
DEMO-0721,FRIENDS,YES,NO,YES,NO,NO,NO,YES,NO,NO,YES,SOMETIMES,YES,YES,NO,YES,NO,NO,YES,YES,0,LOW
DEMO-0722,PUBLIC,YES,YES,YES,NO,NO,YES,YES,YES,YES,NO,OFTEN,YES,YES,NO,NO,NO,YES,YES,YES,24,MODERATE
DEMO-0723,FRIENDS,NO,YES,YES,YES,YES,YES,YES,YES,NO,NO,OFTEN,NO,NO,YES,NO,YES,YES,NO,NO,22,MODERATE
DEMO-0724,PUBLIC,YES,NO,YES,NO,YES,NO,NO,YES,NO,NO,SOMETIMES,NO,NO,NO,NO,YES,NO,NO,YES,11,LOW
DEMO-0725,PUBLIC,NO,YES,YES,YES,YES,YES,YES,YES,YES,NO,OFTEN,YES,YES,NO,NO,NO,YES,NO,NO,30,MODERATE
DEMO-0726,FRIENDS,YES,NO,YES,NO,YES,NO,YES,NO,YES,NO,OFTEN,YES,YES,NO,NO,YES,NO,NO,NO,14,LOW
DEMO-0727,PRIVATE,NO,NO,YES,NO,NO,NO,YES,YES,YES,NO,SOMETIMES,YES,NO,NO,YES,YES,YES,YES,NO,1,LOW
DEMO-0728,FRIENDS,YES,YES,NO,YES,YES,NO,NO,NO,NO,YES,OFTEN,NO,YES,YES,YES,NO,NO,NO,YES,13,LOW
DEMO-0729,FRIENDS,YES,NO,NO,NO,YES,NO,NO,YES,NO,YES,SOMETIMES,NO,NO,YES,NO,YES,NO,NO,NO,5,LOW
DEMO-0730,PRIVATE,YES,YES,NO,NO,NO,YES,YES,YES,YES,NO,OFTEN,NO,YES,NO,YES,YES,NO,NO,YES,18,LOW
DEMO-0731,PRIVATE,NO,YES,NO,YES,NO,YES,YES,NO,NO,YES,NO,YES,YES,NO,YES,NO,YES,NO,YES,0,LOW
DEMO-0732,PUBLIC,YES,NO,YES,NO,NO,NO,YES,NO,YES,YES,SOMETIMES,YES,NO,NO,YES,YES,YES,YES,YES,18,LOW
DEMO-0733,PUBLIC,YES,NO,YES,YES,NO,NO,YES,NO,YES,NO,NO,NO,YES,NO,YES,NO,YES,NO,YES,14,LOW
DEMO-0734,PRIVATE,NO,YES,YES,YES,YES,YES,NO,YES,YES,NO,NO,NO,YES,NO,NO,NO,YES,NO,YES,12,LOW
DEMO-0735,PUBLIC,YES,NO,YES,YES,NO,NO,NO,NO,NO,YES,OFTEN,YES,NO,YES,YES,NO,YES,NO,NO,18,LOW
DEMO-0736,FRIENDS,YES,NO,NO,YES,YES,YES,YES,YES,NO,NO,NO,NO,YES,YES,NO,YES,NO,NO,NO,14,LOW
DEMO-0737,PUBLIC,YES,YES,NO,YES,NO,NO,YES,NO,NO,NO,OFTEN,NO,YES,NO,NO,NO,NO,YES,YES,13,LOW
DEMO-0738,FRIENDS,NO,YES,YES,YES,YES,NO,YES,YES,NO,NO,SOMETIMES,YES,YES,YES,YES,YES,YES,NO,NO,12,LOW
DEMO-0739,PRIVATE,YES,NO,NO,YES,NO,YES,NO,NO,YES,NO,SOMETIMES,YES,YES,YES,YES,YES,YES,NO,YES,8,LOW
DEMO-0740,FRIENDS,NO,NO,YES,NO,YES,YES,YES,NO,YES,YES,NO,YES,YES,NO,YES,YES,YES,YES,NO,9,LOW
DEMO-0741,PUBLIC,NO,YES,NO,YES,YES,NO,YES,NO,YES,NO,SOMETIMES,YES,NO,NO,NO,NO,YES,YES,NO,9,LOW
DEMO-0742,FRIENDS,NO,YES,YES,NO,YES,NO,YES,YES,YES,YES,OFTEN,YES,YES,YES,YES,YES,NO,YES,YES,23,MODERATE
DEMO-0743,FRIENDS,YES,YES,YES,YES,YES,NO,YES,NO,YES,NO,OFTEN,YES,YES,NO,NO,NO,NO,NO,NO,21,MODERATE
DEMO-0744,PRIVATE,YES,YES,YES,NO,NO,YES,YES,NO,NO,NO,SOMETIMES,YES,NO,YES,NO,NO,YES,YES,YES,0,LOW
DEMO-0745,PRIVATE,NO,NO,YES,NO,YES,NO,YES,NO,NO,YES,SOMETIMES,YES,NO,YES,NO,NO,NO,YES,NO,0,LOW
DEMO-0746,PUBLIC,NO,NO,NO,NO,YES,NO,YES,NO,YES,YES,OFTEN,NO,NO,YES,YES,YES,NO,NO,NO,16,LOW
DEMO-0747,PRIVATE,YES,NO,NO,NO,YES,YES,YES,YES,NO,NO,OFTEN,YES,NO,YES,YES,YES,NO,NO,NO,11,LOW
DEMO-0748,PUBLIC,NO,YES,YES,YES,NO,NO,NO,NO,YES,NO,NO,NO,YES,NO,NO,YES,YES,NO,YES,14,LOW
DEMO-0749,FRIENDS,NO,NO,YES,NO,NO,YES,NO,YES,YES,YES,NO,YES,YES,NO,YES,YES,NO,NO,YES,8,LOW
DEMO-0750,PUBLIC,NO,YES,YES,YES,YES,NO,YES,YES,NO,YES,NO,NO,YES,NO,NO,YES,YES,NO,YES,27,MODERATE
DEMO-0751,PRIVATE,YES,YES,NO,YES,YES,NO,NO,YES,YES,NO,OFTEN,NO,NO,YES,YES,YES,NO,YES,NO,26,MODERATE
DEMO-0752,PRIVATE,NO,NO,NO,YES,YES,YES,YES,NO,YES,YES,OFTEN,YES,YES,YES,YES,YES,YES,YES,NO,21,MODERATE
DEMO-0753,FRIENDS,YES,NO,YES,YES,YES,YES,YES,NO,NO,NO,OFTEN,YES,YES,NO,NO,YES,YES,NO,YES,20,LOW
DEMO-0754,PRIVATE,YES,NO,YES,YES,YES,YES,YES,YES,NO,YES,SOMETIMES,YES,YES,NO,NO,NO,YES,YES,NO,19,LOW
DEMO-0755,FRIENDS,YES,NO,NO,NO,NO,YES,YES,YES,NO,NO,SOMETIMES,NO,YES,YES,YES,YES,YES,YES,NO,0,LOW
DEMO-0756,FRIENDS,YES,YES,YES,YES,YES,YES,YES,YES,YES,YES,SOMETIMES,YES,NO,NO,NO,YES,YES,YES,NO,37,MODERATE
DEMO-0757,FRIENDS,YES,YES,YES,YES,YES,NO,YES,NO,YES,NO,SOMETIMES,YES,NO,NO,YES,YES,YES,YES,YES,21,MODERATE
DEMO-0758,PRIVATE,YES,YES,NO,YES,YES,YES,YES,NO,YES,NO,NO,NO,YES,YES,YES,NO,NO,NO,YES,12,LOW
DEMO-0759,PRIVATE,NO,NO,NO,YES,YES,YES,NO,NO,NO,YES,OFTEN,YES,NO,YES,NO,NO,NO,YES,NO,4,LOW
DEMO-0760,FRIENDS,YES,YES,YES,YES,NO,YES,NO,NO,NO,YES,SOMETIMES,NO,YES,NO,NO,YES,YES,NO,YES,17,LOW
DEMO-0761,FRIENDS,YES,NO,NO,YES,NO,NO,YES,NO,YES,YES,NO,NO,YES,NO,YES,YES,NO,NO,NO,15,LOW
DEMO-0762,PUBLIC,YES,YES,YES,YES,NO,YES,YES,NO,NO,YES,NO,YES,NO,NO,YES,NO,NO,YES,YES,21,MODERATE
DEMO-0763,FRIENDS,YES,YES,NO,NO,YES,YES,YES,YES,NO,NO,NO,YES,NO,NO,NO,YES,YES,YES,NO,8,LOW
DEMO-0764,PRIVATE,YES,NO,NO,YES,YES,NO,NO,YES,NO,YES,SOMETIMES,NO,NO,YES,NO,NO,NO,YES,YES,8,LOW
DEMO-0765,FRIENDS,YES,NO,NO,YES,NO,YES,YES,YES,NO,NO,SOMETIMES,NO,NO,NO,YES,YES,YES,NO,YES,10,LOW
DEMO-0766,PRIVATE,YES,NO,NO,YES,NO,YES,NO,YES,NO,YES,SOMETIMES,YES,YES,YES,YES,NO,YES,NO,NO,7,LOW
DEMO-0767,PRIVATE,YES,NO,YES,YES,YES,YES,YES,NO,NO,YES,NO,YES,YES,YES,YES,YES,NO,YES,YES,20,LOW
DEMO-0768,FRIENDS,NO,YES,YES,NO,YES,YES,YES,NO,NO,NO,OFTEN,NO,NO,YES,YES,YES,YES,YES,YES,6,LOW
DEMO-0769,PRIVATE,YES,NO,NO,YES,YES,YES,YES,NO,NO,NO,NO,NO,NO,NO,YES,NO,YES,YES,NO,1,LOW
DEMO-0770,FRIENDS,NO,YES,YES,YES,NO,YES,YES,NO,YES,NO,OFTEN,YES,NO,NO,NO,YES,YES,NO,YES,19,LOW
DEMO-0771,PUBLIC,YES,YES,YES,YES,YES,NO,NO,NO,NO,NO,OFTEN,YES,NO,YES,NO,YES,NO,YES,NO,26,MODERATE
DEMO-0772,PRIVATE,YES,NO,YES,NO,NO,NO,NO,YES,YES,YES,NO,YES,NO,YES,YES,YES,YES,YES,NO,13,LOW
DEMO-0773,FRIENDS,NO,YES,YES,NO,YES,NO,YES,NO,YES,YES,OFTEN,YES,NO,NO,NO,YES,NO,YES,NO,17,LOW
DEMO-0774,PRIVATE,YES,NO,NO,NO,YES,YES,NO,NO,YES,YES,OFTEN,NO,YES,NO,YES,NO,NO,YES,NO,9,LOW
DEMO-0775,PRIVATE,YES,NO,YES,YES,YES,NO,YES,YES,YES,NO,SOMETIMES,YES,YES,NO,YES,NO,NO,YES,YES,16,LOW
DEMO-0776,PRIVATE,NO,NO,YES,NO,NO,NO,NO,NO,YES,NO,OFTEN,NO,NO,YES,YES,NO,YES,NO,YES,0,LOW
DEMO-0777,PRIVATE,NO,YES,YES,YES,YES,YES,YES,NO,YES,NO,SOMETIMES,YES,NO,YES,NO,YES,NO,YES,NO,16,LOW
DEMO-0778,FRIENDS,YES,NO,YES,YES,NO,YES,YES,NO,NO,YES,NO,YES,YES,NO,YES,NO,NO,YES,YES,9,LOW
DEMO-0779,PRIVATE,NO,NO,YES,YES,NO,NO,YES,NO,NO,YES,NO,NO,NO,NO,NO,YES,YES,YES,NO,5,LOW
DEMO-0780,FRIENDS,YES,YES,YES,NO,NO,YES,NO,YES,NO,NO,NO,YES,YES,NO,NO,YES,YES,YES,NO,6,LOW
DEMO-0781,PUBLIC,YES,YES,NO,NO,NO,YES,YES,YES,NO,YES,OFTEN,YES,YES,NO,YES,YES,YES,NO,YES,26,MODERATE
DEMO-0782,PRIVATE,NO,YES,NO,YES,NO,YES,NO,NO,YES,YES,NO,NO,NO,YES,YES,NO,YES,NO,NO,4,LOW
DEMO-0783,PUBLIC,NO,NO,NO,NO,NO,YES,YES,NO,YES,NO,SOMETIMES,YES,YES,NO,YES,YES,NO,NO,NO,1,LOW
DEMO-0784,PUBLIC,YES,YES,NO,YES,NO,NO,YES,YES,YES,YES,SOMETIMES,YES,YES,YES,NO,NO,YES,YES,NO,26,MODERATE
DEMO-0785,FRIENDS,YES,NO,YES,NO,YES,YES,YES,YES,YES,YES,OFTEN,NO,YES,YES,NO,YES,NO,YES,NO,30,MODERATE
DEMO-0786,FRIENDS,NO,NO,YES,YES,YES,NO,YES,NO,NO,NO,NO,YES,YES,NO,YES,YES,NO,NO,YES,2,LOW
DEMO-0787,PUBLIC,NO,NO,NO,YES,YES,NO,YES,NO,YES,NO,SOMETIMES,YES,YES,NO,NO,YES,YES,YES,YES,12,LOW
DEMO-0788,PUBLIC,YES,NO,YES,YES,YES,NO,NO,YES,NO,NO,NO,NO,YES,NO,YES,YES,YES,YES,NO,21,MODERATE
DEMO-0789,FRIENDS,YES,NO,YES,NO,YES,NO,NO,NO,YES,NO,SOMETIMES,YES,NO,NO,YES,NO,YES,YES,NO,0,LOW
DEMO-0790,PUBLIC,NO,YES,YES,YES,YES,YES,NO,NO,YES,YES,SOMETIMES,NO,YES,NO,NO,YES,NO,NO,YES,28,MODERATE
DEMO-0791,PRIVATE,YES,YES,YES,YES,NO,NO,NO,YES,NO,YES,SOMETIMES,NO,YES,YES,YES,YES,NO,YES,YES,20,LOW
DEMO-0792,PRIVATE,NO,NO,NO,YES,NO,NO,YES,YES,NO,NO,SOMETIMES,NO,YES,NO,YES,NO,YES,YES,NO,0,LOW
DEMO-0793,FRIENDS,NO,NO,YES,YES,YES,NO,NO,NO,YES,YES,NO,NO,NO,NO,NO,YES,NO,NO,YES,13,LOW
DEMO-0794,PUBLIC,NO,YES,NO,YES,NO,YES,NO,YES,YES,NO,OFTEN,NO,YES,NO,NO,NO,NO,NO,YES,18,LOW
DEMO-0795,PUBLIC,YES,YES,NO,YES,NO,NO,NO,NO,YES,NO,SOMETIMES,NO,YES,YES,NO,NO,YES,YES,YES,10,LOW
DEMO-0796,PRIVATE,NO,NO,YES,YES,YES,NO,NO,YES,NO,YES,NO,NO,YES,NO,NO,YES,NO,NO,YES,12,LOW
DEMO-0797,PRIVATE,YES,NO,YES,YES,NO,NO,YES,YES,YES,NO,SOMETIMES,NO,YES,NO,NO,NO,NO,YES,NO,12,LOW
DEMO-0798,FRIENDS,NO,NO,YES,YES,YES,NO,YES,YES,YES,NO,NO,NO,YES,YES,YES,NO,YES,NO,YES,8,LOW
DEMO-0799,PUBLIC,NO,YES,NO,NO,YES,NO,NO,NO,YES,NO,SOMETIMES,YES,YES,YES,YES,NO,YES,NO,NO,0,LOW
DEMO-0800,PRIVATE,YES,YES,NO,NO,NO,YES,YES,NO,YES,YES,SOMETIMES,YES,YES,NO,YES,NO,NO,YES,NO,5,LOW
DEMO-0801,PRIVATE,YES,YES,NO,YES,NO,NO,YES,YES,NO,NO,OFTEN,YES,NO,NO,NO,YES,NO,NO,NO,18,LOW
DEMO-0802,PRIVATE,NO,NO,NO,YES,YES,NO,NO,NO,NO,NO,NO,NO,NO,NO,NO,YES,YES,NO,YES,0,LOW
DEMO-0803,PUBLIC,NO,NO,YES,YES,YES,YES,YES,YES,NO,NO,NO,YES,YES,YES,YES,YES,YES,NO,NO,19,LOW
DEMO-0804,PUBLIC,YES,YES,NO,NO,NO,YES,YES,NO,YES,YES,SOMETIMES,NO,NO,NO,NO,NO,YES,NO,YES,13,LOW
DEMO-0805,FRIENDS,NO,NO,NO,NO,YES,YES,YES,NO,YES,NO,SOMETIMES,YES,YES,YES,YES,YES,YES,YES,YES,0,LOW
DEMO-0806,PUBLIC,YES,YES,YES,NO,YES,YES,NO,YES,YES,YES,SOMETIMES,NO,NO,YES,YES,NO,NO,YES,YES,25,MODERATE
DEMO-0807,FRIENDS,NO,YES,NO,YES,YES,NO,NO,NO,NO,NO,NO,NO,NO,NO,YES,NO,YES,YES,NO,0,LOW
DEMO-0808,PUBLIC,YES,NO,NO,YES,YES,NO,YES,YES,NO,YES,NO,NO,YES,YES,NO,YES,YES,NO,YES,26,MODERATE
DEMO-0809,PRIVATE,YES,YES,NO,YES,YES,YES,YES,NO,YES,YES,NO,NO,NO,YES,NO,YES,YES,YES,YES,26,MODERATE
DEMO-0810,FRIENDS,NO,YES,YES,NO,NO,NO,NO,YES,NO,NO,NO,NO,YES,YES,NO,NO,YES,YES,NO,0,LOW
DEMO-0811,FRIENDS,NO,NO,YES,YES,NO,NO,YES,YES,YES,NO,OFTEN,YES,YES,NO,YES,NO,NO,YES,YES,11,LOW
DEMO-0812,FRIENDS,NO,YES,YES,YES,YES,YES,YES,YES,NO,NO,NO,YES,YES,YES,YES,YES,NO,NO,NO,15,LOW
DEMO-0813,PRIVATE,NO,NO,YES,NO,NO,YES,YES,NO,YES,YES,OFTEN,YES,NO,NO,YES,NO,YES,NO,YES,5,LOW
DEMO-0814,FRIENDS,YES,NO,YES,YES,YES,YES,YES,YES,NO,YES,OFTEN,NO,YES,NO,NO,YES,YES,YES,YES,33,MODERATE
DEMO-0815,PRIVATE,NO,NO,YES,YES,NO,YES,YES,YES,NO,YES,NO,YES,YES,YES,YES,YES,YES,NO,NO,14,LOW
DEMO-0816,FRIENDS,YES,YES,YES,YES,YES,YES,NO,NO,YES,YES,OFTEN,YES,YES,YES,NO,YES,NO,NO,YES,35,MODERATE
DEMO-0817,PUBLIC,YES,YES,NO,YES,NO,NO,NO,YES,YES,YES,SOMETIMES,NO,YES,YES,NO,YES,YES,YES,NO,30,MODERATE
DEMO-0818,PUBLIC,NO,YES,NO,YES,NO,YES,YES,NO,NO,YES,OFTEN,YES,NO,NO,NO,YES,YES,YES,NO,22,MODERATE
DEMO-0819,PUBLIC,NO,YES,YES,YES,NO,YES,YES,NO,YES,NO,SOMETIMES,NO,NO,NO,NO,YES,YES,YES,NO,20,LOW
DEMO-0820,PUBLIC,YES,YES,YES,NO,YES,NO,YES,NO,YES,NO,OFTEN,NO,NO,YES,YES,YES,NO,YES,NO,26,MODERATE
DEMO-0821,FRIENDS,YES,NO,YES,YES,YES,NO,YES,NO,NO,NO,OFTEN,YES,YES,NO,YES,YES,YES,YES,YES,17,LOW
DEMO-0822,PRIVATE,NO,NO,NO,NO,NO,NO,NO,YES,NO,NO,NO,NO,NO,NO,NO,YES,YES,NO,NO,0,LOW
DEMO-0823,PUBLIC,YES,NO,NO,NO,YES,YES,YES,YES,YES,YES,OFTEN,YES,YES,NO,YES,YES,NO,NO,NO,33,MODERATE
DEMO-0824,PUBLIC,NO,YES,NO,YES,YES,YES,NO,NO,YES,YES,NO,YES,YES,NO,YES,NO,YES,YES,YES,16,LOW
DEMO-0825,FRIENDS,NO,YES,YES,YES,NO,YES,NO,YES,YES,NO,SOMETIMES,NO,NO,NO,YES,NO,YES,YES,YES,8,LOW
DEMO-0826,PUBLIC,YES,NO,YES,NO,NO,NO,NO,NO,NO,NO,OFTEN,YES,YES,YES,NO,YES,YES,NO,YES,8,LOW
DEMO-0827,FRIENDS,NO,NO,NO,NO,YES,YES,NO,YES,YES,YES,NO,NO,YES,YES,YES,NO,NO,NO,NO,0,LOW
DEMO-0828,PUBLIC,NO,NO,YES,YES,YES,YES,NO,NO,NO,YES,SOMETIMES,YES,YES,NO,YES,YES,NO,YES,NO,17,LOW
DEMO-0829,PUBLIC,YES,NO,YES,YES,NO,YES,NO,NO,NO,NO,NO,YES,YES,YES,NO,NO,YES,NO,NO,7,LOW
DEMO-0830,PRIVATE,NO,YES,NO,NO,YES,YES,YES,NO,NO,YES,SOMETIMES,NO,NO,YES,YES,YES,NO,NO,YES,1,LOW
DEMO-0831,PUBLIC,NO,YES,NO,YES,YES,NO,YES,NO,YES,YES,OFTEN,NO,YES,NO,YES,YES,YES,NO,YES,30,MODERATE
DEMO-0832,PUBLIC,YES,NO,YES,YES,YES,NO,NO,YES,YES,YES,SOMETIMES,YES,NO,YES,YES,NO,NO,NO,YES,28,MODERATE
DEMO-0833,PUBLIC,YES,NO,NO,YES,NO,NO,NO,YES,YES,YES,OFTEN,NO,YES,NO,NO,NO,NO,YES,YES,26,MODERATE
DEMO-0834,PUBLIC,NO,YES,NO,NO,YES,YES,YES,NO,NO,YES,NO,NO,YES,NO,NO,NO,YES,NO,YES,2,LOW
DEMO-0835,PRIVATE,NO,YES,YES,NO,YES,NO,YES,NO,NO,YES,SOMETIMES,YES,YES,NO,NO,YES,NO,NO,NO,3,LOW
DEMO-0836,PUBLIC,NO,NO,YES,NO,YES,NO,NO,NO,NO,YES,NO,NO,NO,YES,NO,NO,NO,YES,YES,0,LOW
DEMO-0837,FRIENDS,YES,YES,NO,YES,NO,YES,YES,NO,YES,NO,SOMETIMES,YES,YES,YES,NO,NO,YES,YES,NO,8,LOW
DEMO-0838,PUBLIC,NO,NO,NO,YES,NO,YES,NO,YES,YES,YES,SOMETIMES,YES,YES,YES,YES,NO,YES,YES,NO,14,LOW
DEMO-0839,PUBLIC,YES,YES,NO,NO,YES,NO,YES,YES,YES,NO,SOMETIMES,YES,NO,NO,YES,YES,NO,NO,NO,20,LOW
DEMO-0840,FRIENDS,YES,NO,YES,YES,NO,NO,YES,YES,NO,NO,OFTEN,NO,NO,YES,NO,NO,YES,YES,NO,12,LOW
DEMO-0841,PRIVATE,YES,YES,NO,NO,YES,YES,NO,YES,NO,NO,SOMETIMES,YES,YES,NO,YES,NO,NO,NO,NO,0,LOW
DEMO-0842,PRIVATE,YES,NO,NO,NO,NO,NO,YES,NO,NO,NO,SOMETIMES,YES,YES,YES,YES,YES,YES,NO,NO,0,LOW
DEMO-0843,PUBLIC,NO,YES,NO,YES,YES,NO,YES,NO,YES,YES,NO,NO,YES,NO,NO,YES,NO,YES,YES,23,MODERATE
DEMO-0844,PRIVATE,NO,NO,NO,YES,NO,NO,YES,YES,YES,NO,OFTEN,NO,NO,YES,YES,NO,NO,NO,NO,6,LOW
DEMO-0845,PRIVATE,NO,NO,NO,NO,YES,NO,NO,NO,YES,YES,SOMETIMES,NO,NO,NO,NO,NO,NO,YES,NO,0,LOW
DEMO-0846,FRIENDS,NO,YES,YES,YES,NO,YES,YES,NO,NO,NO,SOMETIMES,YES,YES,NO,NO,NO,YES,YES,NO,0,LOW
DEMO-0847,PRIVATE,NO,NO,YES,YES,YES,NO,YES,YES,YES,YES,OFTEN,NO,YES,NO,NO,NO,NO,NO,NO,22,MODERATE
DEMO-0848,PUBLIC,NO,YES,NO,YES,YES,YES,YES,NO,YES,YES,SOMETIMES,NO,NO,YES,YES,YES,YES,NO,NO,26,MODERATE
DEMO-0849,FRIENDS,NO,YES,YES,YES,YES,NO,NO,YES,NO,NO,OFTEN,NO,NO,YES,NO,YES,YES,YES,YES,16,LOW
DEMO-0850,PUBLIC,YES,NO,YES,NO,NO,YES,NO,NO,NO,YES,SOMETIMES,NO,YES,NO,NO,YES,NO,YES,YES,11,LOW
DEMO-0851,PRIVATE,YES,NO,NO,NO,NO,YES,YES,NO,NO,NO,NO,NO,NO,NO,NO,YES,YES,YES,YES,0,LOW
DEMO-0852,PUBLIC,YES,YES,NO,NO,NO,YES,NO,NO,NO,YES,OFTEN,NO,YES,NO,YES,YES,YES,NO,YES,17,LOW
DEMO-0853,PUBLIC,NO,NO,YES,YES,YES,NO,YES,YES,NO,NO,NO,YES,YES,NO,YES,NO,YES,NO,YES,9,LOW
DEMO-0854,FRIENDS,YES,NO,YES,YES,YES,YES,NO,NO,NO,NO,NO,YES,NO,NO,YES,NO,NO,NO,NO,3,LOW
DEMO-0855,FRIENDS,NO,NO,YES,YES,NO,YES,NO,YES,NO,YES,OFTEN,NO,YES,YES,YES,NO,NO,NO,NO,11,LOW
DEMO-0856,PRIVATE,YES,YES,NO,NO,NO,YES,NO,YES,NO,NO,NO,YES,NO,NO,YES,YES,YES,NO,NO,1,LOW
DEMO-0857,PUBLIC,NO,YES,YES,YES,NO,YES,YES,YES,YES,YES,OFTEN,NO,YES,NO,YES,YES,YES,YES,YES,40,MODERATE
DEMO-0858,PUBLIC,YES,YES,YES,YES,YES,YES,YES,YES,YES,YES,OFTEN,NO,NO,NO,NO,YES,YES,YES,NO,52,HIGH
DEMO-0859,PRIVATE,NO,YES,YES,YES,NO,YES,NO,NO,YES,NO,OFTEN,YES,NO,NO,YES,YES,YES,NO,NO,16,LOW
DEMO-0860,FRIENDS,YES,YES,NO,NO,NO,NO,YES,YES,YES,YES,NO,YES,NO,NO,YES,YES,NO,NO,NO,15,LOW
DEMO-0861,PRIVATE,NO,NO,YES,NO,YES,YES,NO,NO,NO,NO,SOMETIMES,YES,YES,YES,NO,NO,NO,YES,YES,0,LOW
DEMO-0862,PRIVATE,YES,NO,YES,NO,NO,YES,NO,NO,NO,YES,NO,YES,NO,YES,NO,NO,YES,NO,YES,0,LOW
DEMO-0863,FRIENDS,NO,YES,NO,NO,YES,YES,NO,YES,NO,NO,NO,YES,NO,YES,NO,NO,YES,NO,NO,0,LOW
DEMO-0864,PUBLIC,NO,NO,YES,YES,YES,YES,YES,YES,NO,NO,SOMETIMES,YES,NO,YES,NO,YES,YES,NO,YES,19,LOW
DEMO-0865,PUBLIC,NO,NO,NO,NO,YES,NO,NO,NO,NO,YES,NO,YES,NO,NO,NO,YES,YES,YES,YES,0,LOW
DEMO-0866,FRIENDS,YES,NO,YES,NO,NO,YES,YES,YES,NO,NO,NO,YES,NO,YES,NO,NO,NO,YES,YES,0,LOW
DEMO-0867,PRIVATE,NO,NO,NO,NO,YES,NO,NO,YES,YES,YES,OFTEN,NO,NO,YES,YES,YES,YES,NO,YES,11,LOW
DEMO-0868,PRIVATE,NO,NO,NO,YES,NO,YES,YES,YES,NO,NO,OFTEN,YES,NO,NO,YES,YES,YES,NO,YES,9,LOW
DEMO-0869,PUBLIC,NO,NO,YES,YES,YES,NO,YES,NO,NO,YES,SOMETIMES,YES,YES,NO,YES,YES,YES,NO,YES,17,LOW
DEMO-0870,PRIVATE,YES,NO,YES,YES,NO,YES,NO,YES,YES,NO,OFTEN,NO,YES,YES,YES,YES,YES,NO,YES,26,MODERATE
DEMO-0871,FRIENDS,NO,YES,YES,NO,NO,YES,NO,NO,NO,YES,NO,YES,NO,NO,YES,NO,NO,YES,NO,0,LOW
DEMO-0872,FRIENDS,NO,YES,NO,YES,YES,NO,YES,NO,YES,YES,NO,YES,YES,NO,NO,YES,YES,NO,NO,15,LOW
DEMO-0873,PUBLIC,YES,YES,NO,NO,YES,NO,NO,NO,YES,NO,OFTEN,NO,YES,NO,NO,NO,YES,NO,NO,11,LOW
DEMO-0874,PUBLIC,YES,NO,NO,YES,NO,YES,NO,YES,NO,NO,SOMETIMES,YES,YES,NO,NO,YES,NO,NO,NO,15,LOW
DEMO-0875,PRIVATE,YES,NO,NO,NO,NO,NO,YES,NO,NO,YES,OFTEN,YES,YES,YES,NO,NO,YES,YES,NO,0,LOW
DEMO-0876,PRIVATE,NO,YES,YES,YES,YES,YES,YES,NO,NO,YES,NO,YES,YES,NO,NO,NO,NO,YES,YES,9,LOW
DEMO-0877,PUBLIC,YES,NO,NO,YES,NO,NO,YES,YES,YES,YES,NO,YES,YES,NO,NO,NO,YES,YES,YES,22,MODERATE
DEMO-0878,FRIENDS,YES,YES,NO,YES,NO,YES,YES,NO,NO,NO,NO,NO,YES,NO,NO,YES,NO,YES,NO,8,LOW
DEMO-0879,PRIVATE,YES,YES,NO,YES,NO,NO,YES,YES,YES,YES,OFTEN,NO,NO,YES,NO,YES,YES,YES,YES,32,MODERATE
DEMO-0880,FRIENDS,NO,YES,YES,YES,NO,YES,NO,YES,YES,NO,NO,YES,YES,NO,YES,NO,NO,YES,NO,8,LOW
DEMO-0881,PRIVATE,NO,YES,YES,NO,NO,YES,YES,YES,NO,NO,NO,YES,YES,NO,NO,YES,YES,NO,NO,1,LOW
DEMO-0882,FRIENDS,NO,YES,YES,NO,NO,YES,YES,YES,NO,NO,NO,NO,YES,YES,YES,NO,NO,NO,NO,0,LOW
DEMO-0883,PUBLIC,NO,NO,YES,YES,YES,NO,YES,YES,NO,YES,SOMETIMES,NO,NO,YES,NO,YES,NO,YES,NO,23,MODERATE
DEMO-0884,PRIVATE,NO,YES,YES,YES,YES,YES,YES,NO,NO,YES,OFTEN,YES,YES,YES,NO,YES,NO,YES,YES,23,MODERATE
DEMO-0885,PRIVATE,NO,NO,YES,YES,YES,YES,YES,NO,NO,NO,OFTEN,YES,YES,NO,NO,NO,NO,NO,NO,5,LOW
DEMO-0886,PRIVATE,YES,YES,YES,NO,NO,YES,NO,YES,YES,YES,SOMETIMES,YES,YES,YES,NO,NO,NO,YES,YES,13,LOW
DEMO-0887,FRIENDS,NO,NO,YES,YES,YES,NO,YES,YES,NO,YES,OFTEN,YES,YES,YES,NO,YES,YES,YES,YES,22,MODERATE
DEMO-0888,FRIENDS,YES,NO,YES,NO,YES,NO,YES,YES,NO,YES,NO,NO,NO,YES,NO,NO,NO,YES,YES,6,LOW
DEMO-0889,FRIENDS,YES,YES,NO,YES,NO,YES,YES,NO,YES,NO,OFTEN,NO,NO,NO,YES,YES,YES,YES,NO,22,MODERATE
DEMO-0890,PUBLIC,YES,YES,YES,YES,NO,YES,YES,YES,YES,YES,SOMETIMES,YES,NO,NO,NO,NO,YES,YES,YES,34,MODERATE
DEMO-0891,PUBLIC,NO,NO,YES,YES,YES,YES,YES,YES,YES,YES,SOMETIMES,YES,YES,YES,YES,NO,NO,NO,YES,26,MODERATE
DEMO-0892,PRIVATE,YES,YES,NO,YES,YES,YES,YES,NO,NO,YES,SOMETIMES,NO,NO,YES,YES,YES,NO,YES,NO,19,LOW
DEMO-0893,FRIENDS,NO,NO,NO,YES,YES,YES,YES,YES,YES,YES,SOMETIMES,YES,NO,NO,NO,YES,YES,YES,YES,20,LOW
DEMO-0894,PUBLIC,NO,YES,NO,YES,NO,NO,YES,YES,YES,YES,OFTEN,NO,NO,YES,YES,NO,NO,NO,NO,25,MODERATE
DEMO-0895,FRIENDS,NO,YES,NO,YES,NO,YES,YES,NO,NO,NO,OFTEN,NO,NO,NO,NO,YES,NO,NO,NO,7,LOW
DEMO-0896,PUBLIC,NO,YES,YES,NO,NO,YES,NO,NO,YES,NO,OFTEN,YES,YES,NO,YES,NO,YES,YES,NO,7,LOW
DEMO-0897,PUBLIC,NO,YES,NO,YES,NO,NO,NO,YES,YES,YES,NO,NO,YES,NO,YES,YES,NO,YES,NO,22,MODERATE
DEMO-0898,FRIENDS,YES,YES,NO,YES,YES,NO,NO,YES,NO,YES,SOMETIMES,YES,YES,YES,NO,YES,YES,YES,YES,19,LOW
DEMO-0899,PUBLIC,NO,NO,NO,YES,NO,NO,NO,NO,NO,NO,SOMETIMES,NO,NO,NO,NO,NO,YES,NO,YES,0,LOW
DEMO-0900,FRIENDS,NO,NO,NO,NO,NO,NO,YES,NO,YES,NO,OFTEN,YES,YES,NO,NO,NO,YES,YES,NO,0,LOW
DEMO-0901,PRIVATE,NO,YES,NO,YES,NO,YES,NO,NO,NO,NO,SOMETIMES,NO,YES,YES,YES,YES,NO,NO,YES,0,LOW
DEMO-0902,PUBLIC,NO,YES,NO,YES,NO,YES,NO,YES,NO,YES,OFTEN,YES,NO,YES,NO,NO,NO,YES,YES,18,LOW
DEMO-0903,FRIENDS,NO,YES,NO,YES,YES,YES,YES,YES,NO,NO,OFTEN,YES,YES,YES,NO,NO,YES,NO,NO,10,LOW
DEMO-0904,PUBLIC,YES,NO,NO,YES,NO,NO,NO,NO,NO,YES,OFTEN,NO,YES,YES,YES,NO,NO,YES,YES,13,LOW
DEMO-0905,FRIENDS,NO,NO,YES,NO,NO,NO,NO,YES,YES,NO,OFTEN,YES,NO,YES,YES,NO,YES,NO,YES,0,LOW
DEMO-0906,PUBLIC,NO,NO,YES,YES,YES,YES,NO,YES,YES,YES,SOMETIMES,YES,NO,NO,YES,YES,NO,YES,NO,30,MODERATE
DEMO-0907,PUBLIC,YES,YES,NO,YES,NO,YES,YES,YES,YES,YES,SOMETIMES,NO,NO,YES,NO,YES,YES,YES,NO,36,MODERATE
DEMO-0908,PUBLIC,NO,YES,NO,NO,YES,YES,YES,YES,YES,NO,OFTEN,YES,YES,YES,NO,NO,NO,YES,NO,15,LOW
DEMO-0909,PUBLIC,YES,YES,NO,NO,YES,NO,YES,NO,NO,YES,OFTEN,NO,YES,YES,NO,NO,YES,YES,YES,14,LOW
DEMO-0910,FRIENDS,YES,YES,YES,NO,YES,YES,NO,YES,NO,YES,NO,YES,YES,NO,NO,NO,NO,NO,NO,10,LOW
DEMO-0911,PUBLIC,NO,NO,NO,YES,YES,YES,YES,YES,YES,YES,NO,YES,YES,NO,NO,YES,NO,YES,YES,28,MODERATE
DEMO-0912,PUBLIC,NO,NO,YES,NO,YES,NO,YES,NO,YES,NO,OFTEN,NO,YES,YES,YES,YES,NO,NO,NO,14,LOW
DEMO-0913,FRIENDS,YES,YES,YES,NO,NO,YES,NO,YES,NO,YES,OFTEN,YES,YES,NO,YES,NO,YES,NO,NO,13,LOW
DEMO-0914,PUBLIC,NO,NO,NO,YES,NO,NO,NO,YES,NO,NO,SOMETIMES,YES,YES,YES,NO,YES,NO,NO,YES,4,LOW
DEMO-0915,PUBLIC,NO,NO,NO,NO,YES,YES,NO,YES,NO,NO,NO,NO,NO,YES,YES,NO,YES,YES,YES,0,LOW
DEMO-0916,FRIENDS,YES,NO,YES,YES,YES,NO,YES,YES,YES,YES,SOMETIMES,YES,YES,YES,NO,NO,NO,NO,NO,23,MODERATE
DEMO-0917,PUBLIC,NO,YES,YES,YES,NO,NO,NO,YES,YES,YES,OFTEN,NO,NO,YES,NO,NO,NO,NO,NO,27,MODERATE
DEMO-0918,PUBLIC,YES,NO,YES,YES,YES,NO,NO,NO,YES,YES,NO,NO,YES,YES,YES,YES,YES,YES,YES,29,MODERATE
DEMO-0919,PRIVATE,YES,NO,YES,NO,NO,NO,NO,NO,NO,NO,SOMETIMES,YES,YES,YES,YES,NO,NO,NO,NO,0,LOW
DEMO-0920,FRIENDS,NO,NO,NO,NO,NO,NO,NO,YES,NO,YES,SOMETIMES,NO,NO,YES,NO,NO,YES,YES,NO,0,LOW
DEMO-0921,PUBLIC,NO,NO,YES,NO,YES,YES,NO,NO,NO,YES,SOMETIMES,NO,YES,YES,NO,YES,NO,YES,NO,7,LOW
DEMO-0922,PUBLIC,YES,NO,NO,YES,YES,NO,NO,YES,YES,YES,SOMETIMES,NO,YES,NO,NO,YES,YES,NO,NO,30,MODERATE
DEMO-0923,PRIVATE,NO,NO,NO,NO,NO,NO,YES,NO,NO,NO,SOMETIMES,YES,NO,NO,YES,NO,YES,NO,YES,0,LOW
DEMO-0924,PRIVATE,YES,NO,NO,NO,NO,YES,NO,NO,NO,YES,NO,YES,YES,YES,YES,NO,NO,YES,NO,0,LOW
DEMO-0925,PRIVATE,YES,NO,YES,YES,YES,YES,YES,NO,YES,YES,NO,YES,YES,NO,YES,NO,NO,NO,NO,20,LOW
DEMO-0926,PUBLIC,NO,NO,NO,NO,NO,YES,YES,YES,YES,YES,OFTEN,NO,NO,NO,NO,NO,YES,YES,YES,14,LOW
DEMO-0927,PRIVATE,YES,YES,YES,NO,YES,YES,YES,YES,NO,NO,SOMETIMES,NO,NO,YES,NO,NO,NO,YES,NO,6,LOW
DEMO-0928,PUBLIC,YES,YES,NO,NO,NO,YES,NO,NO,NO,NO,OFTEN,YES,YES,YES,NO,YES,YES,NO,YES,10,LOW
DEMO-0929,PUBLIC,NO,YES,YES,YES,YES,YES,NO,NO,NO,YES,SOMETIMES,NO,YES,YES,YES,NO,YES,NO,NO,14,LOW
DEMO-0930,PRIVATE,NO,YES,YES,NO,YES,NO,NO,YES,YES,YES,NO,NO,NO,NO,YES,NO,NO,YES,YES,6,LOW
DEMO-0931,FRIENDS,YES,NO,YES,YES,YES,NO,YES,YES,YES,NO,SOMETIMES,NO,NO,YES,NO,NO,YES,YES,YES,16,LOW
DEMO-0932,PUBLIC,YES,YES,YES,YES,YES,YES,NO,NO,YES,YES,OFTEN,YES,YES,YES,YES,YES,NO,NO,NO,43,HIGH
DEMO-0933,FRIENDS,YES,YES,NO,NO,NO,YES,NO,NO,YES,NO,NO,NO,NO,YES,YES,YES,NO,NO,YES,2,LOW
DEMO-0934,PUBLIC,YES,YES,YES,NO,NO,YES,YES,YES,YES,NO,NO,YES,YES,YES,NO,NO,YES,YES,YES,17,LOW
DEMO-0935,FRIENDS,YES,YES,YES,NO,YES,NO,YES,NO,NO,NO,NO,NO,YES,NO,NO,NO,NO,NO,YES,0,LOW
DEMO-0936,PRIVATE,YES,NO,YES,NO,NO,YES,NO,YES,NO,YES,SOMETIMES,YES,YES,YES,NO,YES,NO,NO,NO,9,LOW
DEMO-0937,PRIVATE,NO,NO,YES,YES,NO,YES,YES,NO,YES,YES,OFTEN,YES,YES,YES,YES,YES,NO,YES,YES,22,MODERATE
DEMO-0938,PRIVATE,NO,NO,YES,YES,NO,YES,NO,NO,YES,YES,NO,YES,NO,YES,NO,NO,YES,NO,YES,5,LOW
DEMO-0939,FRIENDS,YES,YES,YES,YES,NO,NO,NO,YES,YES,NO,OFTEN,YES,YES,NO,NO,YES,YES,YES,NO,27,MODERATE
DEMO-0940,PUBLIC,NO,NO,NO,NO,YES,YES,YES,YES,YES,NO,SOMETIMES,NO,NO,YES,NO,NO,NO,YES,NO,4,LOW
DEMO-0941,FRIENDS,YES,YES,YES,NO,NO,NO,YES,NO,YES,NO,SOMETIMES,NO,YES,NO,NO,YES,YES,NO,NO,7,LOW
DEMO-0942,PUBLIC,NO,YES,NO,NO,NO,NO,YES,YES,NO,YES,OFTEN,NO,YES,NO,NO,YES,YES,YES,YES,15,LOW
DEMO-0943,PRIVATE,NO,YES,YES,NO,YES,YES,NO,NO,YES,YES,OFTEN,NO,NO,NO,YES,NO,YES,NO,YES,10,LOW
DEMO-0944,PRIVATE,NO,YES,NO,YES,YES,NO,NO,YES,NO,NO,NO,YES,NO,YES,YES,YES,YES,YES,YES,4,LOW
DEMO-0945,PUBLIC,NO,YES,YES,YES,YES,YES,YES,YES,YES,YES,SOMETIMES,NO,YES,NO,YES,NO,NO,NO,NO,30,MODERATE
DEMO-0946,FRIENDS,YES,YES,YES,NO,NO,YES,NO,NO,NO,YES,NO,YES,YES,NO,YES,NO,NO,NO,YES,0,LOW
DEMO-0947,FRIENDS,NO,NO,NO,NO,NO,NO,YES,NO,YES,YES,SOMETIMES,YES,YES,YES,NO,YES,YES,YES,YES,0,LOW
DEMO-0948,PUBLIC,YES,NO,YES,YES,NO,YES,NO,YES,YES,NO,NO,NO,YES,YES,NO,NO,YES,NO,NO,20,LOW
DEMO-0949,PRIVATE,YES,YES,YES,YES,YES,YES,YES,NO,NO,NO,OFTEN,YES,YES,YES,YES,NO,YES,YES,NO,17,LOW
DEMO-0950,PUBLIC,NO,YES,YES,YES,NO,YES,NO,YES,NO,YES,NO,YES,YES,NO,YES,NO,YES,YES,YES,16,LOW
DEMO-0951,FRIENDS,NO,NO,YES,NO,NO,YES,YES,YES,YES,NO,NO,YES,YES,NO,NO,YES,NO,YES,NO,4,LOW
DEMO-0952,PUBLIC,NO,NO,YES,YES,NO,NO,YES,YES,YES,YES,OFTEN,YES,YES,YES,YES,YES,YES,NO,YES,33,MODERATE
DEMO-0953,FRIENDS,YES,NO,NO,YES,NO,NO,NO,NO,YES,YES,SOMETIMES,NO,YES,YES,YES,NO,YES,YES,YES,5,LOW
DEMO-0954,FRIENDS,NO,NO,YES,NO,YES,NO,NO,YES,NO,NO,NO,NO,YES,YES,YES,NO,NO,NO,NO,0,LOW
DEMO-0955,PRIVATE,NO,YES,NO,YES,YES,NO,NO,YES,NO,YES,SOMETIMES,NO,YES,NO,NO,YES,NO,NO,YES,11,LOW
DEMO-0956,PRIVATE,YES,NO,NO,NO,YES,NO,NO,NO,YES,NO,NO,NO,NO,YES,YES,NO,NO,NO,NO,0,LOW
DEMO-0957,PRIVATE,NO,NO,NO,NO,YES,YES,NO,YES,NO,NO,OFTEN,NO,NO,NO,YES,NO,YES,NO,NO,0,LOW
DEMO-0958,PRIVATE,YES,NO,NO,NO,YES,YES,NO,YES,NO,YES,OFTEN,YES,YES,NO,YES,NO,YES,NO,NO,8,LOW
DEMO-0959,FRIENDS,YES,YES,YES,NO,NO,NO,YES,YES,YES,YES,NO,YES,NO,NO,NO,YES,NO,NO,YES,20,LOW
DEMO-0960,PRIVATE,NO,NO,YES,YES,YES,NO,NO,YES,YES,YES,OFTEN,YES,NO,NO,NO,YES,NO,YES,YES,26,MODERATE
DEMO-0961,FRIENDS,NO,NO,YES,NO,YES,NO,NO,NO,NO,YES,NO,NO,YES,YES,NO,YES,NO,YES,YES,0,LOW
DEMO-0962,PUBLIC,YES,NO,NO,YES,YES,YES,NO,NO,NO,NO,OFTEN,YES,NO,NO,NO,NO,NO,NO,NO,13,LOW
DEMO-0963,PUBLIC,NO,YES,NO,YES,YES,YES,NO,NO,NO,NO,OFTEN,NO,NO,YES,YES,YES,YES,YES,NO,16,LOW
DEMO-0964,PUBLIC,YES,NO,NO,YES,NO,NO,NO,NO,NO,NO,NO,NO,NO,NO,YES,NO,NO,YES,YES,0,LOW
DEMO-0965,PUBLIC,YES,NO,YES,NO,YES,YES,NO,NO,NO,YES,OFTEN,YES,YES,YES,YES,NO,YES,YES,YES,15,LOW
DEMO-0966,PUBLIC,NO,YES,YES,NO,NO,YES,NO,NO,YES,NO,NO,NO,NO,NO,YES,YES,NO,YES,NO,7,LOW
DEMO-0967,PUBLIC,NO,YES,NO,YES,NO,NO,NO,YES,NO,YES,OFTEN,NO,YES,YES,NO,NO,YES,NO,NO,15,LOW
DEMO-0968,FRIENDS,NO,NO,NO,YES,NO,YES,NO,YES,NO,NO,NO,NO,YES,NO,YES,NO,NO,NO,YES,0,LOW
DEMO-0969,FRIENDS,NO,YES,YES,NO,YES,NO,YES,YES,YES,YES,NO,YES,NO,YES,YES,YES,YES,YES,NO,16,LOW
DEMO-0970,PUBLIC,NO,YES,YES,NO,YES,NO,NO,YES,YES,NO,NO,NO,YES,NO,YES,NO,YES,YES,NO,7,LOW
DEMO-0971,PRIVATE,NO,NO,NO,YES,NO,YES,NO,YES,YES,YES,SOMETIMES,NO,NO,YES,NO,NO,NO,NO,YES,6,LOW
DEMO-0972,PRIVATE,NO,NO,NO,YES,NO,YES,NO,YES,YES,NO,OFTEN,NO,NO,NO,NO,NO,YES,YES,YES,6,LOW
DEMO-0973,PUBLIC,YES,NO,NO,YES,YES,YES,NO,YES,YES,YES,NO,NO,NO,NO,YES,NO,NO,NO,NO,26,MODERATE
DEMO-0974,PRIVATE,NO,NO,NO,YES,NO,NO,NO,NO,YES,YES,NO,YES,YES,YES,YES,NO,NO,YES,YES,0,LOW
DEMO-0975,FRIENDS,YES,NO,YES,NO,YES,NO,NO,NO,NO,YES,SOMETIMES,YES,NO,NO,YES,NO,YES,YES,YES,0,LOW
DEMO-0976,PRIVATE,YES,YES,YES,NO,NO,YES,YES,YES,NO,YES,SOMETIMES,NO,YES,YES,YES,YES,NO,NO,YES,16,LOW
DEMO-0977,FRIENDS,NO,YES,NO,NO,YES,YES,NO,YES,NO,YES,NO,NO,YES,NO,YES,YES,NO,YES,YES,4,LOW
DEMO-0978,PUBLIC,YES,YES,YES,YES,YES,NO,NO,YES,NO,NO,OFTEN,YES,NO,YES,YES,NO,YES,YES,YES,25,MODERATE
DEMO-0979,FRIENDS,NO,YES,YES,NO,YES,NO,YES,NO,YES,NO,NO,NO,YES,NO,NO,YES,NO,YES,YES,3,LOW
DEMO-0980,PRIVATE,NO,NO,YES,YES,NO,YES,YES,YES,NO,NO,SOMETIMES,YES,NO,NO,NO,YES,YES,NO,NO,7,LOW
DEMO-0981,FRIENDS,YES,NO,YES,NO,NO,YES,YES,NO,NO,YES,SOMETIMES,YES,YES,YES,NO,NO,YES,NO,YES,0,LOW
DEMO-0982,PUBLIC,NO,NO,NO,YES,NO,YES,NO,YES,YES,NO,SOMETIMES,NO,YES,NO,YES,YES,YES,NO,NO,14,LOW
DEMO-0983,PRIVATE,YES,NO,NO,NO,NO,YES,NO,YES,YES,YES,NO,YES,YES,NO,YES,YES,NO,YES,NO,11,LOW
DEMO-0984,FRIENDS,YES,NO,YES,YES,NO,NO,NO,NO,YES,YES,NO,NO,YES,YES,NO,YES,NO,NO,NO,17,LOW
DEMO-0985,FRIENDS,YES,YES,YES,NO,NO,NO,NO,NO,YES,YES,SOMETIMES,NO,YES,NO,YES,NO,NO,YES,YES,4,LOW
DEMO-0986,PRIVATE,NO,YES,YES,NO,NO,YES,YES,NO,YES,YES,NO,NO,YES,NO,NO,NO,YES,YES,YES,2,LOW
DEMO-0987,FRIENDS,NO,NO,NO,YES,NO,YES,YES,YES,YES,YES,SOMETIMES,YES,NO,YES,YES,YES,NO,YES,NO,16,LOW
DEMO-0988,FRIENDS,YES,YES,NO,YES,YES,YES,YES,YES,NO,NO,SOMETIMES,YES,YES,NO,NO,YES,YES,YES,NO,18,LOW
DEMO-0989,PRIVATE,NO,YES,YES,YES,NO,NO,YES,YES,YES,NO,NO,NO,YES,YES,YES,NO,NO,YES,NO,8,LOW
DEMO-0990,PUBLIC,NO,NO,NO,YES,YES,YES,NO,YES,NO,NO,OFTEN,YES,NO,YES,NO,YES,YES,NO,YES,18,LOW
DEMO-0991,PUBLIC,YES,YES,YES,NO,NO,NO,YES,NO,YES,YES,SOMETIMES,YES,YES,NO,NO,YES,YES,YES,YES,22,MODERATE
DEMO-0992,PUBLIC,NO,YES,NO,NO,YES,YES,NO,YES,NO,YES,OFTEN,NO,NO,NO,NO,YES,YES,YES,NO,19,LOW
DEMO-0993,PUBLIC,YES,NO,YES,YES,NO,YES,NO,YES,YES,YES,NO,NO,YES,YES,YES,YES,YES,NO,YES,34,MODERATE
DEMO-0994,PRIVATE,NO,YES,NO,NO,YES,YES,YES,YES,NO,NO,NO,NO,NO,YES,NO,YES,YES,YES,NO,0,LOW
DEMO-0995,PUBLIC,NO,NO,NO,YES,NO,YES,YES,YES,NO,NO,OFTEN,YES,NO,YES,YES,NO,YES,YES,NO,10,LOW
DEMO-0996,PUBLIC,YES,NO,YES,YES,YES,NO,NO,NO,NO,YES,SOMETIMES,YES,YES,YES,NO,NO,NO,YES,YES,15,LOW
DEMO-0997,PUBLIC,NO,NO,YES,NO,NO,YES,YES,NO,NO,NO,NO,NO,YES,NO,YES,YES,YES,YES,YES,0,LOW
DEMO-0998,FRIENDS,YES,YES,NO,NO,NO,NO,NO,NO,NO,NO,OFTEN,YES,NO,NO,YES,YES,NO,NO,NO,0,LOW
DEMO-0999,FRIENDS,YES,YES,NO,YES,YES,YES,NO,NO,YES,YES,SOMETIMES,NO,YES,YES,NO,YES,NO,YES,YES,23,MODERATE
DEMO-1000,FRIENDS,YES,NO,NO,NO,NO,NO,YES,YES,YES,YES,NO,NO,NO,NO,NO,YES,YES,YES,YES,11,LOW
